v1,v2,v3,v4,v5,v6,v7,v8,v9,v10,v11,v12,v13,v14,v15,v16,v17,v18,v19,v20,v21,v22,v23,v24,v25,v26,v27,v28,v29,v30,v31,v32,v33,v34,v35,v36,v37,v38,v39,v40,v41,v42,v43,ph1,ph2,ph3,ph4,ph5,ph6,ph7,ph8,ph9,ph10,ph11,ph12,ph13,ph14,ph15,ph16,ph17,ph18,ph19,ph20,ph21,ph22,ph23,ph24,ph25,ph26,ph27,ph28,ph29,ph30,ph31,ph32,ph33,ph34,ph35,ph36,ph37,ph38,ph39,ph40,ph41,ph42,ph43,pl,ql,pg,qg,t
1,0.999083215085574,0.998882478322099,0.99879436098442,0.998649394340663,0.998559823187471,0.998437428470258,0.998432513057427,0.998430215852135,0.998259190721709,0.99830632612429,0.998231008755469,0.998207483738224,0.998175845645828,0.998125914253409,0.998114844334478,0.998106262198189,0.998101999494096,0.998097483656269,0.998096081427017,0.998113278230061,0.998010976150234,0.99806169970148,0.998054933939319,0.998052811687116,0.998064849755357,0.998076278813485,0.998041295688437,0.998024804324639,0.998024510222147,0.998020575198526,0.998018887743945,0.998074591453083,0.998105460687409,0.998120666948951,0.998119358104835,0.998122737656322,0.998130103254244,0.998148495791061,0.998161550655217,0.998203198726063,0.99819926875722,0.998231070370785,0,-0.000141568977451423,-0.000172600815199827,-0.000186226539247725,-0.000208647802034717,-0.000222504527995603,-0.000241442883476168,-0.000242203793449631,-0.000242559404773578,-0.000269029750663152,-0.000261733391927367,-0.000273392504023141,-0.000277034500294616,-0.00028193273145059,-0.000289663704629702,-0.000291377781813651,-0.000292706666742908,-0.000293366723725427,-0.000294066014137472,-0.000294283154496945,-0.000291620294627009,-0.000307462128625638,-0.000299607123088233,-0.000300654850034636,-0.00030098349829507,-0.000299119379283038,-0.000297349592504548,-0.000302766844451706,-0.000305320727568161,-0.000305366273738426,-0.000305975670491898,-0.00030623699917865,-0.000297610892022371,-0.000292830902184058,-0.000290476391343687,-0.000290679065964084,-0.000290155743047316,-0.000289015268165647,-0.000286167457207964,-0.000284146157001392,-0.000277698005900584,-0.000278306511569578,-0.000273383025098964,0.00122445820678507,0.000803496112866675,0.735485940950525,0.335225199979391,0.0220691
1,0.999347902556079,0.999204815278983,0.999141862015358,0.999038045356993,0.998973958307115,0.99888616238314,0.998882470330288,0.998880734182737,0.998758731583438,0.998792400384673,0.998738459451822,0.998721573143308,0.998698951369683,0.998663416161683,0.998655563724046,0.998649515307595,0.998646524734817,0.998643143793701,0.998642093965532,0.998654391199217,0.998584018560307,0.998618876398494,0.998614240259974,0.998612811144774,0.998621366360158,0.998629391801144,0.998604850302289,0.998593431207238,0.998593204715252,0.998590524891751,0.998589365249347,0.998628232203874,0.998649762517236,0.998660365013936,0.998659385095941,0.998661921605654,0.998667171192374,0.998680343207269,0.99868963813409,0.998719141677256,0.998716440803265,0.998738811329062,0,-0.000100722121095079,-0.000122840607148228,-0.000132573837800472,-0.00014862747277018,-0.000158539178202533,-0.000172119662321797,-0.000172690938528312,-0.000172959576089286,-0.000191834952213415,-0.000186625445671829,-0.000194971777236816,-0.000197584781084805,-0.000201085408146404,-0.000206584619889251,-0.000207799865735722,-0.000208735929812241,-0.000209198759533995,-0.000209722022579116,-0.000209884503508542,-0.000207981334056169,-0.000218872828034923,-0.000213477783912794,-0.000214195325469923,-0.000214416512571808,-0.000213092439275799,-0.000211850371699624,-0.000215648628599991,-0.000217416014830778,-0.000217451070530169,-0.000217865844729506,-0.000218045330962825,-0.000212029843962058,-0.000208697729367757,-0.000207056906407188,-0.000207208564788922,-0.000206815998822218,-0.000206003582585854,-0.000203965133613778,-0.000202526714317893,-0.000197961085091874,-0.000198379065031347,-0.000194917356014917,0.000621783117426666,0.000408017452235399,0.523165414677578,0.238402159769578,0
1,0.999458293808925,0.999339284539667,0.999286857520349,0.999200282515587,0.999146868388636,0.999073588512524,0.999070379351,0.999068852645601,0.998967555605391,0.998995544027296,0.998950601397552,0.998936510961054,0.998917697759459,0.998888264935129,0.998881783604719,0.998876820161394,0.998874377929543,0.998871456908898,0.998870549892346,0.998880770580233,0.998824412150218,0.998852268814088,0.998848559822193,0.998847437880501,0.998854465087466,0.998861022360382,0.998841045456474,0.998831863912519,0.998831667047121,0.998829541325476,0.998828614595364,0.998860095659477,0.998877567290207,0.998886174464354,0.99888532784573,0.998887529705312,0.998891883882397,0.998902854706788,0.998910571428381,0.998934936670586,0.99893277821318,0.998951115983539,0,-8.36803318369705e-05,-0.000102076391901741,-0.000110181702272235,-0.000123568095260637,-0.000131828226474021,-0.000143161832172346,-0.000143658296849615,-0.000143894482580204,-0.000159563841458534,-0.000155234037903248,-0.000162186765360431,-0.000164366706008535,-0.000167277385910704,-0.000171831272478734,-0.000172834107215473,-0.000173602090486193,-0.000173979974038362,-0.000174431952813843,-0.000174572298836563,-0.000172990854616681,-0.000181711391091194,-0.000177400945142486,-0.000177974857801784,-0.000178148462563943,-0.000177061122899943,-0.00017604650688382,-0.000179137600978226,-0.00018055833573221,-0.000180588798650415,-0.000180917732300858,-0.000181061134693045,-0.000176189900237082,-0.000173486525424678,-0.000172154782495562,-0.000172285780993613,-0.000171945084531726,-0.000171271385373795,-0.000169573945857263,-0.000168380009923863,-0.000164610299815963,-0.000164944264677387,-0.000162107171952486,0.00042960290598959,0.000281907755713684,0.43460885029549,0.198030213140555,0
1,0.999509268160322,0.999401357933391,0.999353774115703,0.999275116335827,0.999226592291403,0.999159948354645,0.999156968952615,0.99915555104574,0.999063670798089,0.99908907386694,0.999048231740381,0.999035412401888,0.999018330331326,0.998991670558757,0.998985808812689,0.998981335243421,0.998979138932545,0.998976427596855,0.998975585690353,0.998984868507134,0.998934723086444,0.998959504020206,0.998956214115476,0.998955228829769,0.998961580491349,0.998967477471581,0.998949532221651,0.998941346114918,0.998941165792614,0.998939279969874,0.998938455562139,0.998966653087116,0.99898231338652,0.998990024913211,0.998989239068095,0.998991283169829,0.998995228750211,0.999005195191823,0.999012187958655,0.999034212321708,0.999032292164622,0.99904880943832,0,-7.58097836956218e-05,-9.24899937509813e-05,-9.98463414917076e-05,-0.000112008094585983,-0.000119511627195434,-0.00012981827237718,-0.000130279152912156,-0.000130498488187931,-0.000144710099739257,-0.000140780580400642,-0.000147098410384,-0.000149081519379196,-0.000151724122399891,-0.000155848559024207,-0.000156755436712106,-0.000157447552928271,-0.000157787350936939,-0.000158206840514978,-0.000158337098130686,-0.00015690091701066,-0.000164659277476931,-0.000160825171080348,-0.000161334181824638,-0.000161486624663004,-0.000160503916670522,-0.000159591563285361,-0.000162368001011558,-0.000163634566401691,-0.000163662466386233,-0.00016395424617215,-0.000164081801166538,-0.000159719111078946,-0.000157296250866631,-0.000156103205442661,-0.000156224787729714,-0.000155908534188293,-0.000155298115675152,-0.000153756228814167,-0.000152674408470458,-0.000149267194072667,-0.000149564258667306,-0.000147009057278371,0.000353127987589907,0.00023172449970188,0.393715736102649,0.179389963027802,0
1,0.999536536090111,0.999434591583498,0.999389624305947,0.999315267241871,0.999269409373635,0.999206405489824,0.999203559606532,0.99920218962057,0.999115467084727,0.999139451381045,0.999100867646319,0.999088758004107,0.999072629820532,0.999047474413268,0.999041951622054,0.999037741087157,0.999035678046192,0.999033103835227,0.999032304507828,0.999041058871622,0.998994181250971,0.999017314990561,0.999014234145285,0.999013318015934,0.999019293759312,0.999024835114183,0.999007989163176,0.999000327194499,0.999000153190173,0.998998398385929,0.998997628776525,0.999024065525144,0.999038752060597,0.9990459920908,0.99904524598897,0.999047195977883,0.999050923112369,0.999060342829798,0.999066946742368,0.99908771433639,0.999085921802071,0.999101462288469,0,-7.15992945889221e-05,-8.7357264931105e-05,-9.43090064987626e-05,-0.000105805569295511,-0.000112896625437939,-0.000122640006708737,-0.000123080212909904,-0.000123292125443285,-0.000136705412456137,-0.000132995526743457,-0.0001389637329826,-0.000140836962818063,-0.000143331873938775,-0.000147223371929741,-0.000148077763249649,-0.000148729149273171,-0.000149048311166818,-0.00014944656269619,-0.00014957022556643,-0.000148215878248472,-0.000155468242472107,-0.000151889197030615,-0.000152365834929321,-0.000152507569760636,-0.000151583074691913,-0.000150725789940116,-0.000153331999663051,-0.000154517400482242,-0.000154544321341535,-0.000154815813555415,-0.000154934882930896,-0.000150844853013857,-0.000148572772813012,-0.00014745273232254,-0.000147568159247294,-0.000147266483273162,-0.000146689891262489,-0.000145232664149261,-0.000144211055120286,-0.000140998429434573,-0.000141275734853849,-0.000138871761271651,0.000315028359685776,0.000206723317339508,0.37184034146992,0.16941909706776,0
1,0.999539344298843,0.999437983396066,0.999393257741227,0.99931927272938,0.999273647526764,0.999210938527295,0.999208066683991,0.99920665023214,0.999120539924207,0.999144364025618,0.999106009894066,0.999093980598588,0.999077963624729,0.999052989692574,0.999047521124754,0.999043355214744,0.999041321150671,0.999038757368441,0.999037961279305,0.999046631990992,0.999000650334989,0.999023291549487,0.999020259670489,0.999019368694842,0.999025267470354,0.999030732036734,0.999014146171494,0.999006634260133,0.999006460255437,0.999004746516321,0.999003993292077,0.999029978832082,0.999044428804579,0.999051570649784,0.999050827570534,0.999052789929924,0.999056498564035,0.999065872440745,0.99907243818762,0.999093043038659,0.999091288666053,0.999106661599092,0,-7.11656510587834e-05,-8.68334027262978e-05,-9.37477821824073e-05,-0.000105186802109097,-0.000112241865047487,-0.00012193961759429,-0.000122383837307368,-0.000122602936301199,-0.000135921482651778,-0.000132236390585417,-0.000138169057499783,-0.000140029850487916,-0.000142507547201068,-0.000146370953139085,-0.000147216951737927,-0.000147861430881889,-0.000148176108301618,-0.00014857274418016,-0.000148695905365919,-0.000147354506444836,-0.000154468216882078,-0.000150965391455672,-0.000151434451043722,-0.000151572293511802,-0.000150659710982635,-0.000149814310512173,-0.000152380268353369,-0.000153542446338732,-0.000153569367085436,-0.000153834504290543,-0.000153951037911345,-0.000149930838070705,-0.000147695367285279,-0.000146590521537458,-0.000146705480207028,-0.000146401892138165,-0.000145828164923247,-0.000144378036367535,-0.000143362336385372,-0.000140174901392136,-0.000140446301739386,-0.000138068258621515,0.000311275464602634,0.000204260647243881,0.369587470594865,0.168392266543265,0
1,0.999478536240235,0.999363795727575,0.999313166448299,0.999229415950514,0.9991778204821,0.999106907898091,0.99910358004668,0.999101840438525,0.999004930113529,0.999031759569846,0.998988513689307,0.998974982542515,0.998956958900923,0.998928842859201,0.998922723262162,0.998918062259595,0.99891580451898,0.998912931649142,0.998912039584075,0.99892172693609,0.998871171278549,0.998895872025003,0.998892488348959,0.99889151864884,0.998898057208408,0.998904133216168,0.998885780245279,0.99887751013102,0.998877299064522,0.998875450671133,0.998874628930829,0.998903311499459,0.998919287224651,0.998927240835841,0.998926408172746,0.998928666510539,0.998932865183086,0.998943466098633,0.998950891813331,0.998974087552254,0.99897217361509,0.998989363720124,0,-8.05550069607341e-05,-9.8291160239631e-05,-0.000106118472699039,-0.000119067982506859,-0.000127046737142547,-0.000138013991823405,-0.000138528800860234,-0.000138797914318069,-0.00015378829816456,-0.000149637911262019,-0.000156327944528681,-0.000158421288934389,-0.000161209718643499,-0.000165559717097805,-0.000166506546842186,-0.000167227707011214,-0.000167577031122688,-0.000168021540939857,-0.000168159567732941,-0.000166660704144777,-0.000174483030484098,-0.000170661087216474,-0.000171184639537576,-0.000171334680504234,-0.000170322991600241,-0.000169382880159176,-0.000172222579982813,-0.000173502224819401,-0.000173534883720923,-0.000173820890607317,-0.000173948041012858,-0.000169510023262873,-0.00016703820701943,-0.000165807631945299,-0.000165936465787947,-0.000165587044764988,-0.000164937429696982,-0.000163297283220612,-0.000162148413585019,-0.00015855977342465,-0.000158855893565656,-0.000156196454452153,0.000398071535006483,0.000261216699146027,0.418369892372425,0.190627798622472,0
1,0.999345794083967,0.999201736205173,0.999138119896788,0.999032798166367,0.998967992220375,0.998878846338367,0.998874590250195,0.998872358113234,0.998750835260113,0.998784498011319,0.998730173761169,0.998713162016591,0.998690537021368,0.998655309620308,0.998647655633773,0.998641842312316,0.998639033696283,0.998635366605943,0.998634227924503,0.998646383870938,0.998584216215867,0.998614511578091,0.998610339820231,0.998609157850435,0.998617339635015,0.998624910580082,0.998602066023782,0.998591824237791,0.99859153742899,0.998589298320836,0.998588290460478,0.998623902755665,0.998643716313922,0.998653586144308,0.998652523291031,0.998655410511872,0.998660676526721,0.998673997207113,0.998683309406468,0.998712316868813,0.998709969491275,0.998731379101675,0,-0.000101047334936101,-0.000123315874892259,-0.000133151662299668,-0.000149438171316174,-0.000159461157373784,-0.000173250636906721,-0.000173909191688548,-0.00017425457739946,-0.000193055967319223,-0.000187847327518859,-0.000196253089120558,-0.000198885541584258,-0.000202386718732923,-0.000207838374885803,-0.000209022924513427,-0.000209922616923698,-0.000210357291988435,-0.000210924846137513,-0.000211101080177314,-0.000209219753175131,-0.000218841436865052,-0.000214152519028862,-0.000214798191070455,-0.00021498112764059,-0.000213714837548005,-0.000212543100077266,-0.000216078749580755,-0.000217663923224737,-0.000217708314637917,-0.000218054876953734,-0.000218210870975117,-0.000212699082972995,-0.000209632633061603,-0.00020810517822352,-0.000208269673316855,-0.000207822826183682,-0.000207007856849119,-0.00020494637493085,-0.000203505265965617,-0.000199016358070202,-0.000199379634340545,-0.000196066592987279,0.000626967073563023,0.00041141919235077,0.524856693158313,0.239173498568618,0
1,0.999226667142827,0.999055992942212,0.998980444832432,0.998855059849959,0.998778132297817,0.998672040491007,0.998666962157864,0.998664676814556,0.998519560360176,0.998559779596264,0.998494795896818,0.998474238294802,0.998447100514019,0.998405234968398,0.998396044936786,0.998389142445529,0.998385765056585,0.998381011918127,0.998379536003742,0.998394396531966,0.998321294046634,0.998357285197202,0.998352517810861,0.998351125885016,0.998361178508809,0.998370307003737,0.998342582688516,0.998330198779091,0.998329796639558,0.998327197970461,0.998326000624536,0.998369109709513,0.998392896232091,0.998404520289522,0.998403142667973,0.998406648091395,0.998412829032786,0.99842863909761,0.998439626513546,0.998473881455099,0.998471092817845,0.99849640699073,0,-0.00011943216688987,-0.000145815559443872,-0.000157496797239346,-0.000176887514220535,-0.000188786655901181,-0.000205199824757718,-0.000205985770278335,-0.000206339462295833,-0.000228795294331168,-0.00022257089812493,-0.000232628121675297,-0.000235809977289226,-0.00024001045660026,-0.000246490942169124,-0.000247913562794096,-0.000248982083131987,-0.000249504914181184,-0.000250240742051233,-0.000250469227920623,-0.000248168748014037,-0.000259485683884986,-0.000253913774395183,-0.000254651821120991,-0.00025486730810973,-0.000253311075832765,-0.00025189792735743,-0.000256189901656941,-0.000258107120186019,-0.000258169378457708,-0.000258571697874566,-0.000258757068635288,-0.000252083282110214,-0.000248401048918963,-0.000246601680577032,-0.000246814944740377,-0.000246272284929264,-0.000245315492315124,-0.000242868176826888,-0.000241167422483145,-0.00023586525695465,-0.000236296924903276,-0.000232378795976353,0.000880949025738431,0.000578083526165507,0.620416621717254,0.282747556250683,0
1,0.999104178217889,0.998906040989849,0.998818137883037,0.998671903368757,0.998582299889043,0.998458419685415,0.998452404295856,0.998449991370556,0.998280456533607,0.998327480378241,0.998251380658142,0.998227127871261,0.998195311966387,0.998146614453542,0.998135862117138,0.998127866515978,0.998123926950206,0.99811800285766,0.998116163345733,0.99813380762679,0.998050451231362,0.998091821492239,0.99808652400378,0.998084957679312,0.998096879743861,0.998107536194369,0.998075064121427,0.998060694453205,0.998060193959534,0.998057245157323,0.998055868861371,0.998106159967763,0.998133803886295,0.998147130528792,0.998145413534263,0.998149612851658,0.998156742420515,0.998175151066304,0.998187871050981,0.998227492180567,0.998224286840939,0.99825352834696,0,-0.00013833064342698,-0.000168959895142629,-0.000182552237087301,-0.000205169364035752,-0.000219030910301689,-0.000238199001155433,-0.000239130168920543,-0.00023950368645866,-0.000265743146917018,-0.000258464116058208,-0.000270244257472738,-0.000273998909204886,-0.000278924649527783,-0.00028646452954077,-0.000288129419236665,-0.000289367472366208,-0.000289977487461255,-0.000290894829773347,-0.000291179679106899,-0.000288447552392367,-0.000301355271659398,-0.000294948901249834,-0.000295769229802314,-0.000296011779695885,-0.00029416565912081,-0.000292515547513301,-0.000297543831570447,-0.000299769071408681,-0.000299846577552954,-0.000300303226920747,-0.00030051636000582,-0.000292728659121183,-0.000288448197627001,-0.000286384764032893,-0.000286650633728417,-0.000286000387702825,-0.000284896475994526,-0.000282046211518399,-0.000280076794113607,-0.000273942571312475,-0.000274438865294281,-0.000269911818503618,0.00118841536740177,0.000779844606285884,0.718669013234603,0.327558641651592,0
1,0.998982564524308,0.998757350679553,0.998657352870153,0.998490855554987,0.998388827173738,0.998247640894367,0.998240808359956,0.998238236067732,0.998044683548892,0.998098370290438,0.998011480898893,0.997983707194254,0.997947343779138,0.997891824258718,0.997879520058924,0.997870396621876,0.997865880255569,0.997858982956573,0.997856841250406,0.997877128064115,0.997781828428304,0.997829384915488,0.997823414089011,0.997821625822658,0.997835372889342,0.997847582644109,0.997810268102909,0.997793777660265,0.997793210250216,0.997789812584878,0.997788230488704,0.99784600063953,0.997877703896859,0.997892889297814,0.99789089024578,0.99789568706562,0.997903779947287,0.997924743228374,0.997939197618267,0.997984286008473,0.997980601456739,0.998013948020206,0,-0.000157089474266884,-0.000191905046151669,-0.000207368460100015,-0.000233121788039491,-0.000248907354038865,-0.000270756504625842,-0.000271814387745227,-0.000272212659465511,-0.00030217506828517,-0.000293862929361304,-0.000307316147755096,-0.000311616853544363,-0.000317247943867428,-0.000325846155789335,-0.000327751811296508,-0.000329164855596143,-0.000329864361201112,-0.000330932679976406,-0.000331264410320307,-0.000328122301394574,-0.000342883246856006,-0.000335516975304604,-0.000336441812682215,-0.000336718803215823,-0.000334589533933854,-0.000332698417212978,-0.000338478046183067,-0.000341032378801063,-0.000341120271079263,-0.000341646571752996,-0.000341891640708583,-0.000332943457793462,-0.000328033201893829,-0.000325681393206328,-0.000325991017233406,-0.000325248061535584,-0.000323994688043728,-0.000320748094717292,-0.000318509607975797,-0.000311527307301664,-0.000312097938394708,-0.000306934188708355,0.00153723001120998,0.00100873866642148,0.816215218695106,0.372056392995603,0
1,0.998891391161027,0.998645903204814,0.998536860760613,0.998355230309999,0.99824401143565,0.998090043423678,0.998082660999165,0.99807999082752,0.997868493659579,0.99792714347296,0.997832253928831,0.997801880680281,0.997762125545285,0.997701450504774,0.997687967776403,0.997677971288152,0.99767300545186,0.997665443813255,0.997663095820282,0.997685345392427,0.997580252298453,0.997632813261182,0.997626255631372,0.997624267578501,0.997639450282183,0.997652886032133,0.997611686956818,0.997593410348269,0.997592768810092,0.997589028022532,0.997587279440038,0.997651137561561,0.997686068176082,0.997702748065263,0.997700556474222,0.997705756917316,0.997714581348852,0.997737455509965,0.997753211420685,0.997802445620666,0.997798373414661,0.997834878897975,0,-0.000171149797699823,-0.000209100074495714,-0.000225962856882157,-0.000254058810888557,-0.000271267852774917,-0.000295097685531428,-0.000296240888751631,-0.000296654380789068,-0.000329399264464798,-0.000320317304213428,-0.000335011513787787,-0.000339715542539938,-0.000345872921296802,-0.000355271246895632,-0.000357359819172724,-0.000358908371992403,-0.000359677637440576,-0.000360849081687502,-0.0003612128344845,-0.000357766071652664,-0.000374047072445033,-0.000365904028044888,-0.000366919954886767,-0.000367227951204684,-0.000364875864389074,-0.000362794462340287,-0.000369176996501582,-0.000372008564779598,-0.000372107959523838,-0.000372687526385891,-0.000372958438822643,-0.000363065340097639,-0.000357654208766674,-0.000355070473993845,-0.000355409984194819,-0.000354604359945512,-0.000353237439580549,-0.000349694267251399,-0.000347253786085539,-0.000339628149567079,-0.000340258932083193,-0.00033460506011124,0.00182763488269622,0.00119930391731682,0.889342522958259,0.405420753031308,0
1,0.998802551991279,0.998537318335199,0.998419471269097,0.998223116626168,0.998103023928366,0.997936722580676,0.997928755937173,0.997925927754506,0.99769738466433,0.997760761837938,0.99765821207443,0.997625355789836,0.997582371879676,0.997516810313606,0.997502227203843,0.997491422549755,0.997486048512244,0.997477834979484,0.997475284564155,0.997499378747321,0.997385901537738,0.997442641442255,0.997435556835804,0.997433400254091,0.997449891845639,0.997464453890886,0.997419743139474,0.997399873517006,0.997399141303789,0.997395142769731,0.997393255164155,0.997462566416474,0.997500381484579,0.997518412264086,0.997516031742085,0.997521652400506,0.997531178988377,0.997555892803602,0.997572903767237,0.997626058739357,0.997621662844345,0.997661074307275,0,-0.000184847893435067,-0.000225851343309744,-0.00024407651258284,-0.000274452150114168,-0.000293035905593272,-0.00031877741520021,-0.000320011276971164,-0.000320449305500278,-0.000355838176189788,-0.000346022697044198,-0.000361905582613411,-0.000366995001747766,-0.000373653580217461,-0.000383810586405147,-0.000386070024337629,-0.000387744074678006,-0.000388576727696897,-0.000389849401307136,-0.000390244587833421,-0.000386511381514298,-0.000404094542276771,-0.000395302396902852,-0.000396400171558803,-0.000396734340141908,-0.00039417900424173,-0.00039192270493155,-0.000398850562072607,-0.000401929525217675,-0.000402042990431688,-0.00040266261056506,-0.000402955119056459,-0.00039221517277398,-0.000386356139442265,-0.000383562655262245,-0.000383931501836025,-0.000383060619408064,-0.000381584671717609,-0.000377755866236785,-0.000375120530011555,-0.00036688623385771,-0.000367567276009583,-0.000361462325845116,0.00213300442378284,0.00139968906554078,0.96059552355905,0.437934459623762,0
1,0.998739096758975,0.998459937230296,0.998335962217103,0.998129500104856,0.998002879250386,0.997827621217258,0.99781928237602,0.997816206381916,0.997575304592323,0.997642087697481,0.997534107479275,0.997499596837042,0.997454356962063,0.997385176299324,0.99736981160576,0.997358389859269,0.997352718964943,0.99734423699786,0.997341603229865,0.997366870059458,0.997245685128705,0.997306370203215,0.997298815088874,0.997296524610213,0.997313812546559,0.997329126283559,0.997282124019487,0.997261250972808,0.997260575048526,0.997256191299321,0.997254172449441,0.997327107581316,0.997367069918962,0.997386194315319,0.997383735996534,0.997389600937677,0.997399674994306,0.997425729669185,0.997443683665767,0.997499880505789,0.99749517902584,0.99753694840921,0,-0.000194630441360673,-0.000237787186148867,-0.000256960607780166,-0.000288901263748051,-0.000308496440688478,-0.00033562643420463,-0.000336918082475516,-0.000337394544269023,-0.000374700732491183,-0.000364356653855217,-0.000381082432626081,-0.000386428728357775,-0.000393437607682777,-0.000404156626214141,-0.000406537464426778,-0.000408307354621772,-0.000409186116784062,-0.000410500559483303,-0.000410908716157652,-0.000406993306007639,-0.000425773288331,-0.000416368533844033,-0.000417539374248745,-0.000417894339084206,-0.000415215253814325,-0.000412842170228665,-0.000420126069513132,-0.000423360966910653,-0.000423465724038399,-0.00042414513220307,-0.000424458022255455,-0.000413155014520399,-0.000406962473285251,-0.000403999178455502,-0.00040438012963128,-0.000403471276935483,-0.00040191031138963,-0.000397873264030623,-0.000395091488457673,-0.000386384920413072,-0.000387113398004624,-0.000380642434770575,0.0023657739539118,0.00155243369301061,1.01148807278537,0.461160359963287,0
1,0.99875891068676,0.998484281347101,0.99836238428252,0.99815949688044,0.998034658328771,0.997861958824717,0.997853862808212,0.997850769423672,0.997613074283229,0.997678929648149,0.997572582593961,0.997538693001282,0.997494140234826,0.99742576387379,0.997410591376145,0.997399257676508,0.997393635289922,0.997385507172627,0.997382983280009,0.997407772543745,0.997285432824223,0.997346857153563,0.997339249106042,0.997336941930712,0.997353959655717,0.997369079856232,0.997322618240927,0.997301953841211,0.997301400926091,0.997296832536251,0.997294789094896,0.997367036562898,0.997406783322928,0.997425877901299,0.997423522134742,0.997429199204717,0.99743917672611,0.997464875461914,0.997482605825477,0.997538280687497,0.997533521928243,0.997575094950807,0,-0.000191575495408699,-0.00023403160584241,-0.000252883400674523,-0.000284270408217745,-0.00030358932491926,-0.000330322525127544,-0.000331576517769911,-0.000332055656682799,-0.000368864064419261,-0.000358664043714997,-0.000375136258220635,-0.000380386140996596,-0.000387288297867854,-0.000397882269629231,-0.000400233228901842,-0.000401989402766564,-0.000402860611868578,-0.000404120167195183,-0.000404511280230671,-0.000400670036061965,-0.000419628207145023,-0.000410109272098131,-0.000411288269064761,-0.000411645807403383,-0.000409008704593119,-0.000406665706787803,-0.000413865530561865,-0.00041706796157023,-0.000417153650807474,-0.000417861646315576,-0.000418178334755395,-0.000406982349349842,-0.000400823457179167,-0.000397864897160228,-0.000398229941898476,-0.000397350237328701,-0.000395804290722052,-0.000391822550932817,-0.000389075530900858,-0.000380450157054462,-0.00038118748148738,-0.000374747173704241,0.00229405853451503,0.00150537364604286,0.995596742676071,0.453908206761014,0
1,0.998810459342314,0.998547264703626,0.998430455978974,0.998236060033871,0.998116340700049,0.997950740168281,0.997943035011615,0.997940062185661,0.997711955261423,0.997775136631704,0.997673161929823,0.997640697715741,0.997597968693594,0.99753229431148,0.997517721789644,0.997506814162952,0.997501402637076,0.997493695817749,0.997491302744111,0.99751504906081,0.997396429106551,0.997456036943499,0.997448662301111,0.997446421913368,0.997462778905673,0.99747731655035,0.997432590025521,0.99741266187513,0.99741216079341,0.99740769202109,0.997405709009922,0.997475333677595,0.997513654811695,0.997532087977574,0.997529854311189,0.997535252620729,0.997544842491748,0.997569501643499,0.997586518404367,0.997640030601433,0.997635412529877,0.997675454493426,0,-0.000183627964022421,-0.000224315890411081,-0.000242380267533987,-0.000272452422781081,-0.000290978152560506,-0.000316610793954063,-0.000317804140152558,-0.000318264564424813,-0.000353585339837632,-0.000343800345759877,-0.000359593900517427,-0.000364622495669517,-0.000371241467594941,-0.000381415768671601,-0.000383673525135419,-0.000385363499581574,-0.000386201945908961,-0.000387396086816246,-0.000387766887372835,-0.000384087647564028,-0.000402467406735107,-0.000393230984565207,-0.000394373687390685,-0.000394720838086664,-0.00039218639726785,-0.000389933911817603,-0.000396864113608791,-0.000399952105454708,-0.000400029753077592,-0.000400722233319854,-0.000401029522254657,-0.000390241157857014,-0.000384303797111692,-0.000381448011407004,-0.000381794098903616,-0.000380957679297979,-0.000379471949643706,-0.000375651672635661,-0.000373015478464267,-0.000364725966469403,-0.000365441419711443,-0.000359238890133846,0.00210863191726318,0.00138369569463492,0.954253182266598,0.435040927506179,0
1,0.998816667503587,0.998554886148285,0.998438722946938,0.998245432925366,0.998126297219336,0.997961529725962,0.997953879547976,0.997950884416586,0.997723925239746,0.997786782195225,0.99768535510982,0.997653094625436,0.997610602125518,0.997545230172918,0.997530733944705,0.997519870564354,0.997514484998025,0.997506876638317,0.997504514137781,0.997528095361317,0.9974095987732,0.99746915640646,0.997461787655444,0.997459552888829,0.997475798088299,0.997490251631282,0.997445788181624,0.99742597869341,0.997425506917683,0.9974210130259,0.997419031685191,0.997488270428102,0.997526426498323,0.997544806079605,0.997542600948761,0.997547953790387,0.997557507971779,0.997582048147395,0.997598988940751,0.997652287953001,0.997647673766718,0.997687583754771,0,-0.000182670770258222,-0.000223140153551021,-0.000241104635658969,-0.000271005545721232,-0.000289440841763218,-0.00031494433492753,-0.000316129153400088,-0.000316593027245063,-0.00035173573443225,-0.000342001088241353,-0.000357709656552544,-0.000362706635578879,-0.000369288889157044,-0.000379416211274973,-0.000381662118388342,-0.00038334521572122,-0.000384179629051567,-0.000385358498593286,-0.000385724557090153,-0.000382070944863484,-0.000400431349973529,-0.000391202828392729,-0.000392344603716974,-0.000392690878981466,-0.000390173792860091,-0.000387934366987595,-0.000394823716899407,-0.000397893280651338,-0.000397966386041646,-0.000398662749500051,-0.000398969775478774,-0.000388241350345743,-0.000382329638444427,-0.000379482189067135,-0.00037982385087019,-0.000378994486667314,-0.000377514304516713,-0.000373712506407371,-0.000371088112623119,-0.000362831722253382,-0.000363546564788257,-0.000357364549572905,0.00208679184908789,0.00136936412351218,0.949274005169741,0.432768761234399,0
1,0.998781424206832,0.998511928124119,0.998392379313581,0.998193521064138,0.998070889471334,0.997901344059515,0.997893455091486,0.997890257264162,0.997656940379759,0.997721557814141,0.997617295272108,0.997584186936652,0.997540532565757,0.997473286070938,0.997458403992749,0.997447235087801,0.997441711879488,0.997433974978024,0.997431572563457,0.997455720832487,0.99733392117707,0.997395031302794,0.99738742119402,0.997385129477617,0.997401738980966,0.997416554549686,0.997371036801234,0.997350767505657,0.997350299468414,0.997345672399486,0.997343639411667,0.997414521706342,0.997453645139584,0.997472551822268,0.997470309437593,0.99747581201271,0.997485662630521,0.997510922285617,0.997528373458259,0.997583249398116,0.997578514964661,0.997619574865674,0,-0.000188104792195661,-0.000229767149043545,-0.000248255552853098,-0.000279018661774266,-0.000297995603161298,-0.000324239799138805,-0.000325461673701451,-0.000325956970260322,-0.000362086078145599,-0.000352078190575321,-0.000368226881088062,-0.000373355515440922,-0.000380118191116915,-0.00039053662757234,-0.000392842477173496,-0.000394573033363966,-0.000395428833264597,-0.000396627707010067,-0.000396999977206127,-0.000393258240607768,-0.000412131817905257,-0.000402662032376008,-0.000403841293154905,-0.000404196419128958,-0.000401622698728475,-0.000399327014183745,-0.000406380237738651,-0.000409521285605301,-0.000409593817156934,-0.000410310871499195,-0.000410625924442998,-0.000399642022351456,-0.000393579996707019,-0.000390650680378965,-0.00039099813943648,-0.00039014551398865,-0.000388619299102954,-0.000384705766698339,-0.000382002122419985,-0.00037350088911155,-0.000374234411428536,-0.000367873863477773,0.00221105775924357,0.00145090808737258,0.97754042598217,0.445667738025236,0
1,0.998682906092479,0.998391758222206,0.998262667335467,0.998048045201036,0.997915630248639,0.997732654738151,0.99772406641634,0.997720352551938,0.997469180349237,0.997538752797984,0.99742647116147,0.997390919608027,0.99734396986812,0.997271504570167,0.997255535951472,0.997243527058138,0.997237620618604,0.99722942975277,0.997226886375841,0.997252695360758,0.997122334156579,0.99718745780713,0.997179227476313,0.997176788669767,0.997194466170098,0.997210305442758,0.997161790586134,0.997140227031185,0.997139738730758,0.997134797297944,0.99713263079111,0.997208139099968,0.99724992559932,0.997270246987097,0.997267873035234,0.997273826526269,0.997284490399647,0.997311763405021,0.997330628664307,0.997389839449183,0.997384794163583,0.997428977693876,0,-0.000203292736718663,-0.000248303317344217,-0.000268268451536704,-0.000301472723547897,-0.000321965689201463,-0.000350292248869173,-0.000351622666682481,-0.000352197987467378,-0.000391097926435422,-0.000380320807756954,-0.000397714497870762,-0.00040322258783539,-0.000410497104917504,-0.000421726245457605,-0.000424200935513159,-0.000426062014540633,-0.000426977377992136,-0.000428246855552685,-0.000428641049641188,-0.000424641182784186,-0.000444845562322459,-0.000434751730385555,-0.000436027365237495,-0.000436405362903108,-0.000433665590669943,-0.0004312107833975,-0.000438729967167562,-0.000442072281209005,-0.000442147968915067,-0.000442913901683351,-0.000443249717121442,-0.000431546547983596,-0.000425070588450099,-0.000421921464439108,-0.000422289384538858,-0.000421366702662859,-0.000419714159816994,-0.000415487872770512,-0.000412564589622223,-0.000403390102587569,-0.000404171937882814,-0.000397326267712401,0.0025783162946329,0.00169190512914508,1.05655368646842,0.481728303563671,0
1,0.998372180488032,0.99801294511708,0.997853941364282,0.997590065225591,0.997427165744573,0.997202493919457,0.997191801771941,0.997186414494954,0.996879687303773,0.996964653423524,0.996827525485644,0.996784471735731,0.996727309076098,0.9966384924218,0.996619133997687,0.996604466584345,0.996597351951634,0.99658791610532,0.996584986144236,0.996615861664079,0.996457655127318,0.996535664206883,0.99652534282416,0.996522397837231,0.996543382962793,0.996562467689957,0.996504452744239,0.996478660209527,0.996478085940051,0.996472156157018,0.996469560987626,0.996559872755743,0.996610132942095,0.996635016984848,0.996632282218217,0.996639573076953,0.996652805886007,0.996686365021884,0.996709681165313,0.996782566017932,0.996776522811112,0.996830592624972,0,-0.000251177372555221,-0.000306718186372385,-0.00033131372414224,-0.000372147916436628,-0.000397366826781243,-0.000432161939750059,-0.000433819140537941,-0.000434654137798934,-0.000482180851213469,-0.000469012263488269,-0.000490266282741185,-0.000496940464198989,-0.000505802521414382,-0.000519573749147253,-0.000522575627919002,-0.000524850134067366,-0.000525953432202652,-0.000527416804683144,-0.000527871207145565,-0.000523083112430492,-0.00054761894952113,-0.000535520036470685,-0.000537120810195978,-0.00053757756023253,-0.000534323061209574,-0.000531363377143286,-0.000540360746415223,-0.000544361178362648,-0.000544450250562896,-0.000545369989710518,-0.000545772516678196,-0.000531765831161139,-0.000523971722161156,-0.000520113157894266,-0.000520537267953569,-0.000519406599363896,-0.000517354689764334,-0.00051215111473616,-0.000508535968384677,-0.000497236121609889,-0.000498173168782797,-0.00048979096496246,0.00391513130165322,0.00256913038340389,1.30574418862705,0.595491267385682,0
1,0.998120866633626,0.997707034017446,0.997524263530688,0.997221636911108,0.997034643379276,0.996777360180095,0.996765200769485,0.996758584989405,0.9964077023405,0.99650485424367,0.99634822464433,0.996299335971691,0.996234128355221,0.996132241320357,0.996110145466588,0.996093287314094,0.996085159548894,0.996074916494313,0.996071735883502,0.996106593208526,0.995923459717441,0.996013112436852,0.996000917378591,0.995997476788282,0.9960210481937,0.996042838763219,0.995976945646736,0.995947472849774,0.995946860913438,0.995939998017032,0.995937015497867,0.996039856551999,0.996097354544334,0.996126119748235,0.996123151042551,0.996131365070341,0.996146640197608,0.996185125662785,0.996212014661211,0.996296030746466,0.996289085858336,0.996351373066161,0,-0.000289887662682743,-0.000353873900200045,-0.000382149713893842,-0.00042898958537055,-0.000457946037946307,-0.000497804104691329,-0.000499689522675214,-0.000500715369845935,-0.000555104722293011,-0.000540041187649063,-0.000564328208671355,-0.000571910321758123,-0.000582024267997943,-0.00059782968368539,-0.000601257748305017,-0.000603873282014187,-0.000605134322499289,-0.000606723698901632,-0.000607217228288303,-0.000601808925998908,-0.000630225255672763,-0.000616313163340653,-0.00061820552024825,-0.000618739415403114,-0.000615081942223371,-0.000611700904195122,-0.000621925350785293,-0.000626499010657328,-0.000626593975818793,-0.000627659013203221,-0.000628121867777055,-0.000612163663194798,-0.000603242637750241,-0.000598780047688836,-0.000599240672478861,-0.000597966188345453,-0.0005955964220231,-0.000589626073923204,-0.000585454953544177,-0.000572423245760931,-0.00057350063175364,-0.000563840106074911,0.00518782873634116,0.00340428133910553,1.50727056229152,0.687532592403841,0
1,0.998104697508086,0.997688090677326,0.997504459200758,0.997201039922924,0.99701341761958,0.996755836985944,0.996743980561514,0.99673754361624,0.996384937547161,0.996482481417037,0.996325505552983,0.996276579731242,0.996211165346859,0.996108655477421,0.996086368565726,0.996069291656628,0.996061027542245,0.996051025729821,0.99604792002816,0.996082899970211,0.995894018876898,0.995986559075476,0.995973942057134,0.995970319092291,0.995993975658053,0.996016112699204,0.995949234080457,0.995919009036239,0.995918433236987,0.995911293464347,0.995908214888139,0.996013034446983,0.996071727582257,0.996101078121232,0.996098179330589,0.996106190943874,0.996121535211456,0.996160082745176,0.99618715414634,0.996272011438561,0.99626484291149,0.996328046271092,0,-0.000292381581155765,-0.000356797669576549,-0.000385207100932099,-0.000432170286604307,-0.000461224558067131,-0.000501129276403072,-0.000502967753700937,-0.000503965891881688,-0.000558623319032045,-0.000543498739872932,-0.000567839880232325,-0.000575427889133307,-0.000585574089334322,-0.000601476426098787,-0.000604934201077661,-0.000607583728239205,-0.000608865949954743,-0.000610417931378741,-0.000610899848812759,-0.000605472410318317,-0.000634781304670591,-0.000620420757949999,-0.000622378644242961,-0.000622940855055239,-0.000619270083438708,-0.000615835203547912,-0.00062621282445873,-0.00063090334930628,-0.000630992708980698,-0.000632100745788699,-0.000632578521141854,-0.000616312878345277,-0.000607206203202962,-0.000602652704085672,-0.00060310249215574,-0.000601859383160339,-0.000599478839829793,-0.000593498736072683,-0.00058929922843936,-0.000576136753949345,-0.000577248860680337,-0.000567446027697996,0.00525707951341303,0.00344972407442423,1.52023776528767,0.693452448091989,0
1,0.998262396028625,0.997881312712967,0.997713738272057,0.997437545116939,0.997266685545384,0.997032744539952,0.997022518423761,0.997017258544398,0.996694372463703,0.996783561977726,0.996640456859237,0.996595822925789,0.996536016353773,0.996442046136372,0.996421452143558,0.99640560059263,0.996397845989717,0.996388928417957,0.996386159388514,0.996418359550943,0.99623755197875,0.996326595993778,0.996314572780031,0.99631098450271,0.996332910724001,0.996353669759297,0.996290791648413,0.996261883847674,0.996261379517533,0.996254459768642,0.996251497500655,0.996350707786266,0.996406182600841,0.99643374170314,0.996431157140921,0.996438113311168,0.996452087475996,0.996487118556488,0.996511873948012,0.996589997982709,0.996583100107581,0.996641854328931,0,-0.000268099844719572,-0.00032702180998571,-0.000352945081885784,-0.000395689043799887,-0.000422143175131479,-0.000458378161669595,-0.000459963401023422,-0.000460778790787794,-0.000510816599417215,-0.000496991265231486,-0.00051917523170856,-0.000526095512398872,-0.000535369027122208,-0.000549941901663049,-0.000553135961717873,-0.000555594548680573,-0.000556797313794211,-0.000558180585888958,-0.000558610115504504,-0.000553615666532681,-0.000581662298338632,-0.000567849012744298,-0.000569714118580731,-0.000570270757515725,-0.000566869638867536,-0.000563649659257884,-0.000573403214130669,-0.000577887782673135,-0.000577966023935687,-0.000579039545105811,-0.000579499111743634,-0.000564109134383914,-0.000555504666729512,-0.000551230493136044,-0.000551631390315994,-0.000550552407260993,-0.000548385137096473,-0.000542952323940513,-0.000539113313286569,-0.000526999000857033,-0.000528068777771402,-0.000518958741177331,0.00440235594928673,0.00288884983832727,1.39378621276876,0.635688094322518,0
1,0.998619462526653,0.998317297884918,0.998184709649495,0.997966674124032,0.997831795871219,0.997647569024346,0.997640062679433,0.997636445312041,0.997379608292141,0.997450417547398,0.997337218201315,0.997301902714286,0.997254413469266,0.997179476233876,0.997162905923426,0.99715006582098,0.997143709319828,0.997136921136567,0.997134813312369,0.997160551783077,0.997008476788153,0.997083773849096,0.997073697862064,0.997070567847529,0.997088405833882,0.997105424221078,0.997053545055659,0.997029196730845,0.997028797661697,0.997022918794112,0.997020413846863,0.997102919481098,0.997148840025583,0.997171516555405,0.997169549129942,0.997174693439257,0.997185767309088,0.997213419218136,0.997233067532033,0.997295625213584,0.997289791880567,0.997337427372577,0,-0.000213084021376719,-0.000259800381755052,-0.000280307627895579,-0.000314041840771664,-0.000334917344147305,-0.000363439288265486,-0.000364602195989994,-0.000365162615448568,-0.000404942576739711,-0.000393973098717295,-0.000411510169212873,-0.000416982057722868,-0.000424340680709399,-0.000435953731569956,-0.00043852186411184,-0.000440511915780608,-0.00044149710647416,-0.000442549285830126,-0.000442876004577198,-0.000438886753053505,-0.000462458767312959,-0.000450786896834469,-0.000452348757033008,-0.000452833939678565,-0.000450069045023827,-0.000447431244899741,-0.00045547263422613,-0.000459246989528603,-0.000459308853066169,-0.000460220191593283,-0.00046060850993513,-0.000447819498983428,-0.000440702180170454,-0.000437187773755699,-0.000437492719720293,-0.000436695366932524,-0.000434979142225937,-0.000430693780997701,-0.0004276488956234,-0.000417954989879212,-0.000418859029170826,-0.000411477890328582,0.00277261835672071,0.00181940719556728,1.10744092198024,0.504944061404728,0
