v1,v2,v3,v4,v5,v6,v7,v8,v9,v10,v11,v12,v13,v14,v15,v16,v17,v18,v19,v20,v21,v22,v23,v24,v25,v26,v27,v28,v29,v30,v31,v32,v33,ph1,ph2,ph3,ph4,ph5,ph6,ph7,ph8,ph9,ph10,ph11,ph12,ph13,ph14,ph15,ph16,ph17,ph18,ph19,ph20,ph21,ph22,ph23,ph24,ph25,ph26,ph27,ph28,ph29,ph30,ph31,ph32,ph33,pl,ql,pg,qg,t
1,0.998074653908051,0.989143358644283,0.98444038731035,0.979832292172792,0.968403624690228,0.96620221226161,0.958086186598454,0.954362308001085,0.950846064858825,0.950317766602312,0.949367021770211,0.945539305227409,0.944147650357596,0.9433726364548,0.94257257515616,0.941292982308041,0.940850288107518,0.99767846796144,0.994996489645359,0.994468379453027,0.993990588005476,0.986858880743569,0.982682340930947,0.980601916834593,0.967199197665675,0.965577992836368,0.958260898721619,0.952933351932405,0.950652087529652,0.947872595247355,0.947285960407377,0.947079691176665,0,0.000155310564771673,0.00109083249476509,0.00183731033432431,0.00258730274590681,0.00167477933881108,-0.000747381768092051,-0.00217601146682854,-0.00283987829461385,-0.00341139639868952,-0.00332491519635351,-0.00317605064496848,-0.00403707964103921,-0.00480274128833327,-0.0051347270605005,-0.00535620765108622,-0.00616575389009197,-0.00628422816507255,1.35896385673785e-05,-0.000862027189058172,-0.00111480023607879,-0.00138040255436169,0.000749405218525045,-0.000213508420128783,-0.000685895535840727,0.00209755300542965,0.00269650349962981,0.0035199656872592,0.0042704777494856,0.00536671767789567,0.00441760386596016,0.00417138296739435,0.00407642215402134,0.0827468435245038,0.0559926978249319,2.53028881763407,1.57851782852958,0.0350962
1,0.998602303380707,0.99211676110526,0.98869719491169,0.98534488252841,0.977037772461127,0.975438580974028,0.969500398877777,0.966761415939889,0.964187369128796,0.963802372641687,0.963110502663653,0.960321207256582,0.959304300689159,0.958727354694522,0.958131672467371,0.95719379623451,0.956877902831505,0.998315179968197,0.996371874263386,0.995989232959814,0.995643068234782,0.990462979400089,0.9874384238014,0.985932227518583,0.97616560882055,0.974995754729722,0.969736678342179,0.96592077700395,0.964286553096833,0.962298371603348,0.961878189956473,0.961730775710472,0,0.000109838911895741,0.000771496934841502,0.00129866088760444,0.00182647037813756,0.00112953966955534,-0.000625561533938168,-0.00168228273015598,-0.00217708085809009,-0.00260017216138611,-0.00253931842773801,-0.00243513728662369,-0.00306499052646778,-0.00362116429175643,-0.00386588298349349,-0.00402976213946653,-0.00461606516891033,-0.00469920088956974,7.108559097693e-06,-0.000627118490124073,-0.000810032292301311,-0.00100217391371397,0.00052453350378554,-0.00017048285144233,-0.000510841866557376,0.00142985293869795,0.00185532532720904,0.00243692714941085,0.00297139412144309,0.00374722303993448,0.00307773736416943,0.00290397302712466,0.00283713661608388,0.0435903121045254,0.0294946411536934,1.83886651589614,1.14201545047376,0
1,0.99886214818316,0.99357435881951,0.990786873985062,0.988050988825195,0.981272049353085,0.979971070522047,0.975100388274186,0.972850391059327,0.970744026009928,0.970430123940531,0.969867148349682,0.967595311887184,0.966765451833428,0.966285720808058,0.965791336797707,0.965022789812489,0.964769729640047,0.998630399865998,0.997062036474244,0.996753228835201,0.996473866774011,0.992223650418542,0.989746854072919,0.988513590432541,0.980561171883731,0.979610208595423,0.975345781697697,0.972259869879283,0.970936048155638,0.969334688694378,0.968993821615121,0.968875633185006,0,8.84374395245987e-05,0.000621038865071259,0.00104521894531255,0.00146952360338344,0.000888770888230327,-0.000540139256591032,-0.00141755985916246,-0.00183029983013012,-0.00218166533235865,-0.00213334576792381,-0.00205114950315334,-0.00256949255429823,-0.00302426333500214,-0.00322733174835782,-0.00336330986443811,-0.00384165778559134,-0.00390771711320319,5.50998182534711e-06,-0.000506260174636148,-0.000653785443109004,-0.000808730428063081,0.000419235158568452,-0.000148991092808204,-0.000427026767778967,0.00113211760686247,0.00147695098436041,0.00195317228169145,0.00239249086633594,0.00302079245147828,0.00248506511816571,0.00234493518092889,0.00229174285371884,0.0289724261222464,0.0196025274078231,1.49768173526195,0.928391042411477,0
1,0.99898591307565,0.994265992960516,0.991779848089291,0.989337207759584,0.983283625101791,0.982125463121027,0.977762420796461,0.975747434104116,0.973865765044277,0.973585995878146,0.973085179187402,0.971062854794267,0.970323177312264,0.969889818407834,0.969444377807243,0.96875767741278,0.968535011762008,0.99878127275162,0.997396429628434,0.997123759643459,0.996877092633472,0.993056280424392,0.990832184203475,0.989724810486621,0.982648818130585,0.981801007713001,0.978003930992552,0.975260745892671,0.974081952745032,0.972664149727944,0.972360234141107,0.972256198250903,0,7.86171589529857e-05,0.000551822580624252,0.000928682656022687,0.00130566587312845,0.00078405331716812,-0.000489690833731965,-0.00128275529274354,-0.00165662320879545,-0.00197411741068491,-0.00193179852597091,-0.00186020888299058,-0.00232593462876378,-0.00273268825024905,-0.00291625326704579,-0.00303890814344669,-0.0034657100076036,-0.00352361105690286,5.38536767326592e-06,-0.000446463725796195,-0.000576685031727238,-0.000713445927334066,0.000370950447518057,-0.000138910725076385,-0.000388292217936587,0.00100137993793641,0.00130938629560256,0.00174022968787526,0.00213802708642838,0.00269925611441332,0.00222628041462022,0.00210158976287525,0.00205492901964643,0.0230826472674082,0.0156165254103939,1.33491281576585,0.827147241943294,0
1,0.999030437304744,0.994506419504544,0.992130050971645,0.989792467239123,0.983994118091987,0.982890502935596,0.978708130095654,0.976784019261539,0.974990045630135,0.974723665015241,0.974248260777508,0.972327197265271,0.971623633474032,0.971206745229794,0.970780886969293,0.970128477944127,0.969919409902474,0.998838046298764,0.997536124911132,0.997279783099848,0.997047888502619,0.993335880843339,0.991175305414436,0.990099574164294,0.983384784467539,0.982571561821274,0.978928359674487,0.976298153952146,0.97516509019274,0.973814568708769,0.973522180898354,0.973424476003771,0,7.60183761913481e-05,0.000532682675973809,0.000896384020102693,0.00126062113522515,0.000769943878845444,-0.000446072174735434,-0.00121227660288541,-0.00157303037601806,-0.00187910952457284,-0.00183938538449188,-0.00177270857411425,-0.00222005459270439,-0.00260913441606956,-0.00278644581014405,-0.00290396530078585,-0.00330961476777366,-0.00336390315757099,7.16738457577969e-06,-0.000417615042406731,-0.000540022742685419,-0.000668573468273333,0.000357429546363933,-0.000137739519787635,-0.000379911434073152,0.000980551528211666,0.00127902812782424,0.0017067992838745,0.00210000073495851,0.00264408893512398,0.00219361680275286,0.00207348070613036,0.00202971172900693,0.021191385103549,0.0143339878338935,1.27569547919688,0.792003819468619,0
1,0.99887666262164,0.99357579018859,0.990842977955425,0.988142583905216,0.981405618876738,0.980152672484617,0.975316043010289,0.973154301399408,0.971135720248946,0.970834969386609,0.970308886675621,0.968180006452619,0.967398056348737,0.966920573340946,0.96645711698166,0.965750802624811,0.965526722606098,0.998671338495074,0.997281866212631,0.997008284689912,0.996760792986458,0.992123868122312,0.989397480705664,0.988039862208703,0.980687320253419,0.979725672832297,0.975378128363768,0.972229144639561,0.97085718550181,0.969290013666587,0.968935043313382,0.96883030270579,0,9.68755184357923e-05,0.000672241336023772,0.00113056402930413,0.0015931304293687,0.00112350480238373,-0.000266776986701529,-0.00116866319904624,-0.00158502666057033,-0.00194098861339767,-0.00189770481506091,-0.00182846807521472,-0.00234878554785727,-0.0027944534845274,-0.00300406446984169,-0.00313288144355022,-0.00357465846796101,-0.00363310872016818,2.33913422510991e-05,-0.000430017247677276,-0.000560688800005703,-0.000697922809635574,0.00045345107271414,-0.000172054442590793,-0.00047823267419476,0.00139063224942167,0.00176879546606563,0.00237634030754045,0.00291565928597631,0.00360614133677541,0.00307835906372053,0.00292997980933423,0.00288283693763801,0.0289736199729198,0.0195771822088613,1.47179842055948,0.929654280527416,0
1,0.998326428430007,0.990274487661665,0.986243996066425,0.982230048002737,0.972116475208399,0.97029131771495,0.963003362608188,0.959890218377664,0.956958612694815,0.956515957886928,0.955782844689531,0.952806921875424,0.95170675005749,0.950991467697412,0.950393438435003,0.949483218229332,0.949195229224555,0.998066753918979,0.996309312357737,0.995963271820559,0.995650222890692,0.987878210516044,0.983270886117608,0.980975655294362,0.971019013802683,0.969539362354227,0.962737797624237,0.957776666910864,0.955577861566623,0.953229876281913,0.95265899225989,0.95252439038479,0,0.00016665168356924,0.00114294662493929,0.00192179225097788,0.00271753698443414,0.00226476148842447,0.000204699511436062,-0.0012041987978468,-0.00183807762152961,-0.00239311390115607,-0.00233410433535531,-0.00225327135622016,-0.00307172075989293,-0.00374943778840703,-0.00409000261123627,-0.00425905846672091,-0.00483818121480933,-0.00491458871043569,7.3699245313365e-05,-0.000500051296039299,-0.0006654838467875,-0.000839249681274633,0.000778593182055612,-0.000282412171334754,-0.000803259166516612,0.00272448452268638,0.00337444140953272,0.00457467542683142,0.00559870336908021,0.00679252771454126,0.00598208009367783,0.00573484677625674,0.00567322873691392,0.0669100332837935,0.0451960194216188,2.17697025213874,1.41547698535464,0
1,0.997949975920034,0.988020423847733,0.983072581528142,0.978137310645636,0.965667433427106,0.963450120459191,0.95455543220168,0.950809338119115,0.947291886642536,0.946762300902238,0.945888067720205,0.942325193802529,0.941000534420793,0.940135027166379,0.939414917864932,0.938335330277394,0.938003898308708,0.997654458194247,0.995654307916738,0.995260472467724,0.994904179245243,0.985020586600586,0.979229371415703,0.976343567928511,0.964301219963731,0.962459510979746,0.953983407840572,0.947802228082276,0.945055064705365,0.942165502258991,0.94145495767136,0.941300052116756,0,0.000210667572068292,0.00144194872972724,0.00242542120393776,0.00343380579395145,0.00293550750109576,0.000413273598387274,-0.00132843842931153,-0.00210655002615857,-0.00278674432535204,-0.00271644440721643,-0.00262149820103603,-0.00362191929529389,-0.0044511920541797,-0.00487018561813751,-0.00507772209807422,-0.0057756085427748,-0.00586458661375168,0.000104870903342345,-0.000548326154688266,-0.00073672512437061,-0.000934633146068194,0.000985070149967109,-0.000351972946589317,-0.00100952885740308,0.0035191447270973,0.00434478320046371,0.00590050035667883,0.0072279704552403,0.00875355905696164,0.00774142004723541,0.00742836464727299,0.00735660823508765,0.101767585144955,0.0687159410160945,2.66209591175721,1.74270745613558,0
1,0.997809162523711,0.987177271763608,0.981820272394511,0.976484882449902,0.96301930004926,0.96063789448564,0.951158031656994,0.947131879632853,0.943399938073128,0.94284688811822,0.941911179573733,0.938070282269089,0.936628887498462,0.935704902997545,0.934873742577125,0.933670864508058,0.933328541038702,0.9975053922067,0.995449355902734,0.995044515019222,0.994678263988626,0.984035061566581,0.977998327307199,0.974990005631087,0.961540539894894,0.959559243293121,0.95052430501869,0.943975830497757,0.941078666796131,0.938000927927963,0.937259575409822,0.937099663231281,0,0.000217882694509392,0.00149324505462208,0.00251271636490007,0.00355669926837695,0.00289401236432786,0.000173742044661239,-0.0017007576295609,-0.00254678071835547,-0.00327210628409518,-0.00319736596397045,-0.00308919611051738,-0.00414010536625155,-0.00502758313749437,-0.00546696294119512,-0.00571204573746572,-0.0065014424923973,-0.00659380364345387,0.000109122389344037,-0.00056241162727203,-0.000756113501438489,-0.000959596565551999,0.00101538487100366,-0.000379635874287503,-0.0010659692725305,0.00350229600068544,0.00436425333484008,0.0059380274625611,0.00730796281946477,0.00890819382767274,0.00782325825222868,0.00749494511628309,0.00742053796618437,0.116554354724418,0.0786706706124871,2.85011026030475,1.85244069289479,0
1,0.997653286582092,0.986259227673003,0.980427849874605,0.974631183945362,0.960034159535846,0.957447094821281,0.947234911418401,0.942820584666288,0.938780633799277,0.938191474550416,0.937170321571551,0.932948764024784,0.931350048202377,0.930342670352774,0.929370648310092,0.928007548865424,0.927647868405838,0.997335973186286,0.99518822053056,0.994765318122739,0.994382724706109,0.983005311002634,0.976799129683996,0.973706240901396,0.958436150328392,0.956309912945188,0.946721772270512,0.939822382793345,0.936789218109891,0.93351268468899,0.932745569054325,0.932577761644014,0,0.000221368870596647,0.00152157913154204,0.00256205642337449,0.0036252147802012,0.00271785203138887,-0.000251941035576327,-0.00229531184705129,-0.00323461258732795,-0.00402504002782866,-0.00394401214469297,-0.00381910466552334,-0.00494722869307155,-0.00591769682222423,-0.00638891966431512,-0.00668164245892414,-0.00758993455220614,-0.00768757090041574,0.000107752497000928,-0.000593832199429009,-0.000796226159405189,-0.00100884790725523,0.00102780001133031,-0.000407806692907497,-0.00111429834883682,0.00334307004276171,0.00423087748793269,0.00577555926023291,0.00715750590145688,0.0088143636972016,0.00765254181536182,0.00731151117424916,0.00723305256896946,0.134030628148725,0.0904784992399499,3.06142209966447,1.96775055273338,0
1,0.997499144099042,0.985357245913284,0.979069798708057,0.972829728770599,0.957142533906082,0.954348135901199,0.943393131927497,0.938589994502971,0.934224451381006,0.93359351604811,0.932485194127427,0.92788169228822,0.926127978092171,0.925036863562396,0.923945479716379,0.922440562262931,0.922060570296693,0.997165837250374,0.994909768179991,0.994465534981325,0.994063640812843,0.981983129306553,0.975587644289149,0.972400270505272,0.955432264988809,0.953166365878752,0.943024423360378,0.935760096627928,0.93258315680446,0.929102038108859,0.928305964613055,0.928128904036427,0,0.000226569130512792,0.00156128397443186,0.0026303393253182,0.00372079765381362,0.00259956380323704,-0.000619797144589558,-0.00282818687036225,-0.00385763743492452,-0.00471538024166788,-0.00462737015883483,-0.00448702284938659,-0.00570203477283703,-0.00675987736508288,-0.00726705570281197,-0.00760019953622781,-0.00861401241147742,-0.0087177848159181,0.000107220858814244,-0.000629841817949219,-0.000842500360515645,-0.00106591493423348,0.00105019134564099,-0.000430660013743399,-0.0011596366598723,0.00324491101740915,0.00416271118880414,0.00569490803247505,0.0070958117804087,0.00881536803563413,0.00757447229250855,0.00721929584550282,0.00713611507685133,0.152530552937097,0.103006025027264,3.26914485193424,2.084174594606,0
1,0.997392352832226,0.984732616918134,0.978125780310105,0.971574922067201,0.955124959156693,0.952181809601188,0.940687114069136,0.935597102705422,0.93098890774175,0.930326301480606,0.929154339264154,0.924272531303098,0.922406050189737,0.92125184196746,0.920076324556072,0.918471318794447,0.918076904728629,0.997047823003155,0.994715742089525,0.994256539689463,0.993841100750384,0.981280083908061,0.974763402771567,0.971515532805372,0.953337925753182,0.950976799520129,0.940459655806653,0.932949287092753,0.929676017968638,0.926055265752669,0.925239957509541,0.925056363018618,0,0.000229718023356716,0.00158594073445746,0.00267294255383773,0.00378039773471115,0.00250303677599767,-0.000896688419628287,-0.0032267946731957,-0.00432374634836682,-0.00523292451082193,-0.00513984064187863,-0.00498890858153825,-0.00627137488854354,-0.00739524895870321,-0.00793078999787476,-0.00829269880766466,-0.00938174812033424,-0.00948992449212361,0.000106347411361766,-0.00065561662371637,-0.000875481416032674,-0.00110647364319716,0.0010635907039109,-0.000446348621142651,-0.00118978811603538,0.00316145179806285,0.0040988197368701,0.00561849194245309,0.00702980190874029,0.00879068410245399,0.00749542877403306,0.00713078988531723,0.00704425382019589,0.166162186624085,0.112254121786236,3.41337872121039,2.16421203735035,0
1,0.997317360831189,0.984296558189039,0.977465598920241,0.970696136748769,0.953711300514533,0.95066222783376,0.938777414293126,0.933477911012487,0.928691609888462,0.92800556443352,0.926787021392705,0.921703302288327,0.919755868667348,0.918554734935089,0.91731793219634,0.915638819758054,0.915232791539979,0.996963732519349,0.994570026507694,0.994098688026587,0.993672267736897,0.980792039291266,0.974195610159125,0.970907931083434,0.9518712658609,0.949444622580686,0.938670932225832,0.930993302274506,0.927654478429165,0.923937379127874,0.923108548418343,0.922919696970648,0,0.000231645619503518,0.00160165106964953,0.00270026966267964,0.00381869555862968,0.00242888821737748,-0.00109982952211252,-0.00351846420348005,-0.00466498611138547,-0.00561229770364854,-0.00551551334379267,-0.00535699759224554,-0.00668973269921209,-0.0078619657150818,-0.00841881281805489,-0.00880166638963144,-0.0099464096863554,-0.0100581159286916,0.000105015384013301,-0.000677131118122584,-0.000902837594908607,-0.0011399729151084,0.00107183856019253,-0.00045730201628805,-0.00121029165259114,0.00309599622386151,0.00404643719757867,0.00555586946631549,0.00697351378172357,0.00876228231941014,0.00742959659810393,0.00705837060571341,0.00696915123211353,0.17607920349252,0.118990150753479,3.51486492977847,2.22002818601777,0
1,0.99723705706978,0.983853659617269,0.976804523435034,0.969827318072444,0.952337000142894,0.949178326144663,0.936941097115546,0.931454462755573,0.926493339783237,0.925781588539359,0.924513296235124,0.919223239661229,0.917198023809509,0.915962934006063,0.914683418480661,0.912938383228422,0.912510996078354,0.996865851873968,0.994353090007833,0.993858305129604,0.993410669062752,0.980293237385516,0.973617722560622,0.970290563318818,0.950447358077337,0.947954884382665,0.936900354865184,0.929021640488099,0.925605156273785,0.921763623295832,0.920917644130806,0.920718975619654,0,0.000235273765507823,0.00162927906848022,0.00274736157681638,0.00388447323984235,0.00241017512988183,-0.00124203843555831,-0.00372012217647252,-0.00489849376377964,-0.00587233197210006,-0.00577018009177904,-0.00560123351660542,-0.0069751508518354,-0.0081893497483138,-0.00876104588570776,-0.00915735542346917,-0.0103487847888386,-0.0104667149999416,0.000102354789287339,-0.00071873679289582,-0.000955718312552455,-0.00120471126884515,0.00109164662844416,-0.000456577026385881,-0.0012190604510059,0.0030873505374618,0.00405239086970267,0.00555004978546587,0.00696615845311162,0.00878321741559745,0.00740395047787946,0.00702498039313529,0.00693089993855246,0.186226319766519,0.125881699990678,3.62243371655359,2.2819364970992,0
1,0.997278494056244,0.984144764141765,0.977217600092979,0.970374636691654,0.953235257847452,0.950118723239028,0.938168687147262,0.932798390001817,0.927921169909587,0.92721829083914,0.925962183604454,0.920732661378884,0.918736393519182,0.917544515697582,0.916305932635745,0.914592672006271,0.914156566004552,0.996899024128654,0.994330279220072,0.993824469152115,0.993366856680333,0.980672811430675,0.974193819048751,0.970964758094294,0.951386551146169,0.948942591657025,0.938087220683676,0.930331630011026,0.92697963356471,0.923165018818248,0.922336629197837,0.922133853784821,0,0.000230544041947333,0.00159766782315961,0.00269336631233738,0.00380566780964016,0.00235835847654073,-0.00122512424571382,-0.00360666719647784,-0.00473582504387223,-0.00567136510558464,-0.00556790156491224,-0.00539501450389651,-0.00672458654458012,-0.00790653613512961,-0.00845423215526405,-0.00883468477263028,-0.00999732193632511,-0.0101174402727443,9.46790097318985e-05,-0.000744660323086364,-0.000986925971400744,-0.00124147647557372,0.00107429147398493,-0.000427859653805457,-0.00116742622373844,0.00301628645629712,0.00395344046569365,0.00537569790709894,0.00671992580593756,0.00847974471649007,0.00711392976564152,0.00674455529219224,0.00664867776332984,0.179160891603686,0.121107030503001,3.56894873789884,2.24608327424221,0
1,0.997412140305574,0.984965121287004,0.978394814574457,0.971914378843498,0.95569694635246,0.952732161792629,0.941448847660352,0.936366726856631,0.931736590996127,0.931067152582279,0.929867616282968,0.92488266289639,0.922984848698216,0.921868934338358,0.920704854432571,0.919076421231334,0.918649541484233,0.997038941417817,0.994512675250278,0.994015230880238,0.993565188329718,0.981690113985239,0.97560132151675,0.972567010748032,0.953950603941531,0.951638482059594,0.941359621384854,0.934003795921092,0.93083251887447,0.927189416891333,0.926406327013033,0.92620774332872,0,0.000217672877440911,0.00150920099178699,0.002543331589624,0.00359095074783158,0.00221556955401391,-0.00117429479308422,-0.00339254007617624,-0.00444174599731679,-0.00531229151593355,-0.00521225483029471,-0.00504371622708372,-0.00628693067779408,-0.00739634373881476,-0.00790417230182745,-0.00825820367172355,-0.00935426989698959,-0.00947127345244567,8.4065235659039e-05,-0.000741291722172807,-0.000979508328003585,-0.00122980025625227,0.00101626090649497,-0.000394123492777263,-0.00108808643828876,0.00283225507794006,0.00371021941211387,0.00501830018027954,0.00625405356580661,0.00789730406041325,0.00659988265727678,0.00625318181501238,0.00615969867923388,0.16070814824608,0.108627884528065,3.39476039718807,2.13370322517017,0
1,0.997477502973675,0.985371455253782,0.978981089226967,0.972683152491223,0.956930206013967,0.954041349657236,0.943091354373171,0.938155286013146,0.933647965634004,0.932994723016543,0.931822668654858,0.926959559532727,0.925112336797066,0.924035114678047,0.922909654278929,0.9213222554554,0.920897431439382,0.997105219634612,0.994585155202675,0.994088932192707,0.993639994821688,0.982192027802851,0.976291707475078,0.973351450749344,0.955235295079161,0.952988721965009,0.942992152427348,0.935829552774899,0.932745042220851,0.929183779630669,0.928421617473909,0.928223936849957,0,0.000211674766597863,0.00146819652986068,0.00247381163525748,0.00349155768071764,0.00215934105735862,-0.00113280131743982,-0.00326703849935678,-0.00427450857314195,-0.00511164804748472,-0.00501310681217812,-0.00484639030520564,-0.00604604141148173,-0.0071184490915348,-0.0076059774343763,-0.0079461258868065,-0.00900939716221854,-0.0091255534375216,7.84027720489865e-05,-0.000744875278944414,-0.000982489909343921,-0.00123214872285201,0.000990003174347446,-0.000376102338776667,-0.00104808074570576,0.00275643547252757,0.00360620881990642,0.00486156648850452,0.00604564535854228,0.00763314030132964,0.00636870121460087,0.00603260168447961,0.00593974564866607,0.151917539740566,0.10268257197521,3.30936072812028,2.07914563675206,0
1,0.997473257655615,0.985367112508278,0.978981740631694,0.972691246794334,0.956960331086071,0.954069904587606,0.943142004441501,0.93821891447614,0.933712758831511,0.933057998386576,0.931882832430196,0.927015151766588,0.92517075568608,0.924101078500001,0.922984304429673,0.921396125173386,0.920962459059701,0.997093173934577,0.994520271623203,0.994013642816205,0.99355528950192,0.982185979684878,0.976286345718144,0.973346431462318,0.955267918820215,0.953021708250441,0.943012484983734,0.935830752689609,0.932738808891402,0.929159843149151,0.928394450791804,0.928192634651886,0,0.000212648946141288,0.00147547362591106,0.00248599164659984,0.00350862678681013,0.00219520432183009,-0.0010921351234952,-0.0032075600555395,-0.00420358477900947,-0.00503304381846724,-0.00493337678843933,-0.0047644444978507,-0.00595754830062879,-0.00702491568081339,-0.00750794591652709,-0.0078440785345402,-0.00890516863588572,-0.0090237329939173,7.65912268296856e-05,-0.000763941676214639,-0.00100655298163646,-0.00126146703693346,0.000997138248960446,-0.000368817021165029,-0.00104072085425713,0.002793130829413,0.00364381908289374,0.00489890759330323,0.00607861075990131,0.00766631745329036,0.00639678653205425,0.0060597129628135,0.00596491162741391,0.151865604299601,0.102644823387719,3.31449390635044,2.08348892593278,0
1,0.997321588059004,0.984523641430519,0.977783741168702,0.971145228979339,0.954548240594696,0.951489643333005,0.939957286144714,0.934770249516295,0.930001826517644,0.929305666188072,0.928056065740148,0.922898543797373,0.920954491909965,0.919833534869657,0.918665925715833,0.916979465267068,0.916501943938029,0.996904910995594,0.994084114578628,0.993528665081989,0.993026134192223,0.981156770944808,0.97491280655845,0.971801052730771,0.95276225687952,0.950386116311073,0.939767817145075,0.932129758992738,0.928839838096156,0.925021250019392,0.924202446093044,0.923980288932744,0,0.000227348884563163,0.00157944247048279,0.00266194940642372,0.00375874445672148,0.0024137529992177,-0.00106062235124674,-0.00327198553932507,-0.00430896608948059,-0.00517685746957733,-0.00506891822202359,-0.00488557139758382,-0.00614303317435886,-0.00726840905184399,-0.00777495575690194,-0.00812521475984924,-0.00925204020954823,-0.0093832231985238,7.82067391259114e-05,-0.000843396937274888,-0.0011094939420163,-0.00138911195615304,0.00107306733307106,-0.000373979565342027,-0.00108615531225627,0.00305127177293294,0.0039579630996857,0.00530024628146415,0.0065535098728237,0.0082462354272615,0.00688882008731913,0.00652748940709142,0.00642265994726592,0.169808550121854,0.114780312833922,3.51210621070709,2.21115344428847,0
1,0.996777388936761,0.981464999595628,0.973395844766886,0.96544444042172,0.945588200301228,0.941897437941328,0.927998637412534,0.921731307120909,0.915929234900853,0.915075742512912,0.913542481831717,0.907261600886936,0.904920465535873,0.903570308209117,0.902166047407887,0.900080981343061,0.899454125906338,0.996239772678489,0.992599468770239,0.991882613920934,0.991234016975106,0.97746906301628,0.970057880732635,0.966363406029697,0.943456784904466,0.940611778930859,0.927853730320502,0.918646096408722,0.914674955786727,0.910033707282119,0.909031525548333,0.908740518001151,0,0.000274532050766447,0.00191689722809001,0.00323531296883384,0.00457610854216548,0.00301288779835302,-0.00119145087736349,-0.00383044372868278,-0.00506802552560966,-0.00611413147784402,-0.00597686210803853,-0.00574258565807687,-0.00727739428335787,-0.00864935105826628,-0.00926480861580788,-0.00968719589239571,-0.0110943044642107,-0.0112697441130421,8.21570089726786e-05,-0.00110761630449912,-0.00145150814682009,-0.00181299090266399,0.00131531345975022,-0.000408113355128183,-0.00125787303634821,0.00378603618326177,0.00488576938618199,0.00651334755587743,0.00802581489008532,0.0100888597256301,0.00842233171714093,0.00797552474884863,0.00783591615250098,0.24429617004623,0.165243249300403,4.2251093092259,2.6615694709875,0
1,0.996351264488247,0.979105936715656,0.970017841567831,0.961062326297985,0.938721129772868,0.934532907658001,0.918807125728991,0.91170369657713,0.905078857247228,0.904096606725817,0.902332276975868,0.895152723698241,0.892503498016017,0.890982065582727,0.889406770180108,0.887002781321832,0.886239388428156,0.99570533717313,0.991330796672759,0.990469317621412,0.98968982626329,0.974632627102463,0.966340685440192,0.962206278304182,0.936328452339769,0.933123085658696,0.918693537313523,0.908241178782405,0.903730101470106,0.89841956814479,0.897268138604944,0.896914347654827,0,0.000312440466007801,0.00219013477236933,0.00370043198187036,0.00524061440526256,0.00354008684302242,-0.00123444373305989,-0.00418121533701827,-0.00556051464385536,-0.00673854076886123,-0.00657526904868473,-0.0062958751974508,-0.00804754072037238,-0.00961244677108707,-0.0103104903965314,-0.010783597492289,-0.0124161884185112,-0.0126329901805301,8.1382370947608e-05,-0.00134872998563802,-0.00176248418096165,-0.00219752941474904,0.00151630325029965,-0.000417034080027065,-0.00137162870218027,0.00442082566777233,0.00567341769957491,0.0075244024766282,0.00923331386804785,0.0115903870320805,0.0096692745789913,0.00915210876294705,0.00898015635411953,0.311067465268621,0.210532780766389,4.78275995540912,3.01552620398763,0
1,0.996281706546444,0.978802723424143,0.969606750058182,0.960552409426667,0.937986678516232,0.933724328584162,0.917807374249846,0.910615960083093,0.903859716244762,0.90285017401877,0.901037284373833,0.893701817439669,0.891018143114911,0.889493568832271,0.887923439854891,0.885462886126706,0.88464207911828,0.995588141034307,0.990890573662125,0.989965463313741,0.989128377060512,0.974273616456559,0.965891521020602,0.96171207127808,0.935574391770552,0.932330464667443,0.917668701434281,0.90700692578812,0.902406865397363,0.896950458736179,0.895767411331017,0.895387049693314,0,0.000319760668784236,0.00224557642057803,0.00379473103893028,0.0053748250058993,0.00372020225575957,-0.00111560158419125,-0.00403971441477962,-0.00540010526354957,-0.00657253637005265,-0.00640102735970977,-0.00610696019040907,-0.00787211204883046,-0.00944882512670787,-0.0101450878554976,-0.010610325304139,-0.0122716271576753,-0.0125051392935185,7.1725864803607e-05,-0.00146398061910624,-0.00190847147104647,-0.00237589483725038,0.0015636455334278,-0.000391378031600092,-0.00135682013829725,0.00461600889176619,0.00588900787727848,0.00776313071605584,0.00947658337966079,0.0118674158670326,0.00989743066475711,0.00936762949482049,0.00918245379723772,0.319734709822725,0.216444181458705,4.87298998110941,3.07484698867563,0
1,0.996581976634378,0.980601152004118,0.972205859711889,0.963952577225993,0.943409638138164,0.939500862987597,0.925000560487101,0.918438132799663,0.912238821142961,0.911307166352539,0.909633324514986,0.902887657346064,0.900434296781099,0.89905897048244,0.897646117926802,0.895386798151647,0.894605987459909,0.9959151189147,0.991398660902084,0.990509226659709,0.989704432488767,0.976463988781648,0.968831340109673,0.96502626079464,0.94121992404531,0.9382672795896,0.92488861282516,0.915132620651416,0.91093033347292,0.905901137449122,0.904816679827351,0.904454445606205,0,0.000292294438260196,0.00205370519760121,0.00346828410924213,0.00490721391176593,0.00342144557742834,-0.000972952741758469,-0.00357992025012138,-0.00478565552271274,-0.00583040771266074,-0.00567106621306605,-0.00539719455833085,-0.00698312028328011,-0.00839973794708835,-0.00901799780026257,-0.0094274909272012,-0.0109280598863568,-0.0111477318257367,5.38385784235773e-05,-0.00142227862451413,-0.00184942087042042,-0.00229856811725553,0.00143179566094196,-0.000344838613565531,-0.00122114368313706,0.00423154944805666,0.00538142465524346,0.00705288673286736,0.00856872714554878,0.0107143061716293,0.00891970004422285,0.00844077650322734,0.00826618929498911,0.266738287570497,0.180558417637336,4.48056651436832,2.82440956747041,0
1,0.997284513751364,0.984652911733133,0.978014650994797,0.971502448262551,0.955323051180688,0.952220907311718,0.940783756809634,0.935577562156963,0.930649491253125,0.929907323411022,0.92857224879741,0.923200553012127,0.921250757637465,0.920169367326751,0.919056435263939,0.917262436524221,0.916633845206258,0.99673534169721,0.993016717010879,0.992284435834354,0.991621877809199,0.981398816806876,0.975426353609997,0.972450093618256,0.953607632652537,0.951293361584251,0.940812209260176,0.93316443854646,0.929881099272051,0.925908519204769,0.92506216072399,0.924769928383022,0,0.000226751105238293,0.00159278363649092,0.00268621647775612,0.00379181810013957,0.00258053175571971,-0.000864242385697847,-0.00288382238873319,-0.00381688319966763,-0.0046249234208318,-0.00449965084142802,-0.00428381542610491,-0.00551128873648707,-0.00660703962265302,-0.00708078764568302,-0.00739480021868569,-0.00855617116170614,-0.00872880139634478,3.03562124058314e-05,-0.00118437530591864,-0.00153551584818383,-0.00190462922697502,0.00110509160901866,-0.000278803717808189,-0.000959613238808485,0.00320108385852438,0.00408081072094395,0.00532420667997487,0.00644992800984494,0.00807435461739683,0.00668726159149039,0.00632287660164375,0.00618510985967349,0.166014436892695,0.112354772363492,3.56337530095243,2.23662671332386,0
