v1,v2,v3,v4,v5,v6,v7,v8,v9,v10,v11,v12,v13,v14,v15,v16,v17,v18,v19,v20,v21,v22,v23,v24,v25,v26,v27,v28,v29,v30,v31,v32,v33,v34,v35,v36,v37,v38,v39,v40,v41,v42,v43,v44,v45,v46,v47,v48,v49,v50,v51,v52,v53,v54,v55,v56,v57,v58,v59,v60,v61,v62,v63,v64,v65,v66,v67,v68,v69,ph1,ph2,ph3,ph4,ph5,ph6,ph7,ph8,ph9,ph10,ph11,ph12,ph13,ph14,ph15,ph16,ph17,ph18,ph19,ph20,ph21,ph22,ph23,ph24,ph25,ph26,ph27,ph28,ph29,ph30,ph31,ph32,ph33,ph34,ph35,ph36,ph37,ph38,ph39,ph40,ph41,ph42,ph43,ph44,ph45,ph46,ph47,ph48,ph49,ph50,ph51,ph52,ph53,ph54,ph55,ph56,ph57,ph58,ph59,ph60,ph61,ph62,ph63,ph64,ph65,ph66,ph67,ph68,ph69,pl,ql,pg,qg,t
1,0.999981049678342,0.999962099506486,0.999909013788386,0.999434821790172,0.994273720961157,0.988903580791397,0.987625890035474,0.986968124229313,0.984485748187716,0.983945656096155,0.982303614342682,0.980863791619905,0.979428929028424,0.978000026300211,0.977734494112542,0.977316828057992,0.977313004784393,0.977109502084254,0.97697890327114,0.97676772685579,0.976764251414951,0.976727116859477,0.976646288239088,0.976582573184965,0.9765562891578,0.9765489215875,0.999959001003702,0.999925028160673,0.999889434918106,0.999883154186439,0.999851750677898,0.999776396739214,0.999678153344235,0.999659311933603,0.999954014365061,0.999847621851759,0.999733022034165,0.999699940900133,0.999698172260706,0.9990590031757,0.998869054017958,0.998843958936749,0.998838378728702,0.998772328207389,0.998772048077692,0.999882670768817,0.99922731020298,0.997158607016729,0.996865326797133,0.987603169934264,0.987599517061581,0.985256940031995,0.983263496771278,0.980516744949704,0.977820353583112,0.963955787747903,0.957128872623849,0.954487567990704,0.951315030446959,0.94664321511419,0.946495771372201,0.946304323094494,0.945366045635085,0.945138924844866,0.983924106029276,0.983923855192041,0.982085518042364,0.982084820924105,0,-1.22392159134128e-05,-2.44788957167464e-05,-5.81912369308068e-05,-0.000182874190560257,0.000527407862755963,0.00127395269423616,0.00145163191048362,0.0015433656839898,0.00226923295997526,0.00242771242841468,0.00290082643106999,0.00329041989791928,0.00367987558423725,0.00406949116238858,0.00414197442902589,0.00425529655130235,0.00425637655278115,0.00432050545616239,0.00436206520456938,0.00442876393234455,0.00442987303659584,0.00444167149328049,0.00446735342613771,0.00448760664835177,0.00449596243887654,0.00449830673276966,-2.62197339599622e-05,-4.44892093430631e-05,-2.65843661352435e-05,-2.34241599725142e-05,-7.62253362026295e-06,2.98615201032406e-05,7.93003277087508e-05,8.87821820071094e-05,-3.18250894524358e-05,-0.000131271630333454,-0.00018666579225374,-0.00020265320847146,-0.00020355087811153,-0.000548469960000711,-0.000601286823424291,-0.000608233564322915,-0.000610020350402739,-0.000631169115043229,-0.000631267254522404,-7.48816094819984e-05,-0.000487465211859094,-0.0017934938725988,-0.0019791146667947,0.00145487822377324,0.00145607384043454,0.00178669008742347,0.00207074620072703,0.00246393339038678,0.00285121361187013,0.00710255682051557,0.00924372957091716,0.0100940350632966,0.0112119028175376,0.0119482054105395,0.0119715729858427,0.0120018717061924,0.01215022593431,0.0121859386618624,0.00243523038059118,0.0024353194096398,0.00296975354025596,0.00296996701128367,0.0808653969786839,0.0361999138334852,2.29146490488347,1.57629477141018,0.0344543
1,0.999986598605757,0.999973197285875,0.999935695823957,0.999606579142029,0.996028651498124,0.992305963086955,0.991419448994087,0.99096346545579,0.989187144905567,0.988799046978802,0.987634059630601,0.986618817788694,0.985608545090204,0.984603980286696,0.98441729913357,0.984119454531004,0.984116644199948,0.983968029983134,0.983872655673759,0.983718471159499,0.983716040355492,0.983690225721543,0.983634036412686,0.983585290669863,0.983565181830377,0.983559545205537,0.99997095600732,0.999946900597318,0.999919476441969,0.999914637209644,0.99989044113695,0.999832381537959,0.999756686220436,0.999742169159023,0.999967410508202,0.999891860742747,0.999810825775792,0.999787433544334,0.999786194905764,0.999343940440444,0.999217759426607,0.999201089014158,0.999197408871493,0.999153848552011,0.999153663806268,0.999915968581495,0.999425177528436,0.997876879149488,0.997657362150584,0.991404392915029,0.99140158898413,0.989789144582158,0.988421349985241,0.98653534850357,0.984685683038198,0.97517724003201,0.970493877367201,0.968681649777529,0.966512195283802,0.963317103943672,0.963210110471129,0.963069017282252,0.962377524783844,0.962208843991908,0.988782523144682,0.988782330811449,0.987490958192252,0.98749050078429,0,-8.62324672056334e-06,-1.72467245736675e-05,-4.09383426057009e-05,-0.000126431228024339,0.000375951012602485,0.000902213226178658,0.00102739191075188,0.00109195618641174,0.00161144111718004,0.00172524696341711,0.00206040404985724,0.00233480743254297,0.002608520829905,0.002881740852956,0.00293254372028377,0.00301319345253946,0.00301398042569159,0.00306048315846208,0.00309061718921695,0.00313896615996091,0.00313973629947427,0.00314788049384563,0.0031656074588505,0.003180992418486,0.00318733958886735,0.00318912033115025,-1.84958066184076e-05,-3.12375583639052e-05,-1.74416779113401e-05,-1.50067274060382e-05,-2.83162134252765e-06,2.60490334511468e-05,6.41390433227789e-05,7.14441186508587e-05,-2.25802857465462e-05,-9.44727686300451e-05,-0.000134784639714404,-0.000146418718160004,-0.000147069934409151,-0.000396361080499719,-0.00043140915689058,-0.000436018507867366,-0.000437196500095754,-0.000451139115798419,-0.000451203814143616,-5.3448686126992e-05,-0.000362651109426794,-0.00134009235093328,-0.00147892950504193,0.00102953902581203,0.00103045325774247,0.00126207791020184,0.00146040320154531,0.00173480316832728,0.00200438940966893,0.00491662537623349,0.00637331911887631,0.00694993658833072,0.00770380393784092,0.00819945645530873,0.00821611895461263,0.00823806711922801,0.00834549845765756,0.00837155318934424,0.00173098317264748,0.00173105110159364,0.0021053858798056,0.00210552518021297,0.0384829373094568,0.0173632701572171,1.61683683736919,1.11625336957513,0
1,0.999988888493551,0.999977777038125,0.999946708583531,0.999677712838724,0.996754787931328,0.993713702340308,0.992989149897991,0.992616908507625,0.991117840583167,0.990789385531271,0.989812558160017,0.988963205885313,0.988118581337271,0.987279315928502,0.987123351716452,0.986871979450343,0.986869557792184,0.986742206910915,0.986660478361643,0.986528361418368,0.98652635671593,0.986505144960919,0.98645897445467,0.986416716653633,0.986399284244617,0.986394397840074,0.999975894416174,0.999955937509231,0.999932095764379,0.999927888677513,0.999906853310398,0.999856377901462,0.99979057064766,0.999777949951494,0.99997292877906,0.999909897246876,0.999842323368728,0.999822816863569,0.999821789150764,0.9994571908281,0.99935658025592,0.999343288071416,0.99934036767766,0.999305800173041,0.999305653567088,0.999929645694791,0.999505134571914,0.998167624290908,0.997977987610924,0.992977154028303,0.992974720149427,0.991669249617191,0.990565596375092,0.9890433731924,0.987551504680941,0.979883149330016,0.976105638156323,0.974643843977395,0.972900196466087,0.970332086664604,0.970240920861131,0.970119534497046,0.969524623575802,0.969377361003092,0.990775048582665,0.990774881704205,0.98969923557887,0.989698873355227,0,-7.14304291005979e-06,-1.42862445632698e-05,-3.38705535764158e-05,-0.000103393315637745,0.000310386539113548,0.000743223941324202,0.000846168589960828,0.000899195925806714,0.00133788342013412,0.00143423178701968,0.00171520371788405,0.00194485041481463,0.00217370899401805,0.00240193947357706,0.00244436843615197,0.00251245828738784,0.00251313349191299,0.00255286747221951,0.00257861440775929,0.0026199210993701,0.00262055436961757,0.00262722744543936,0.00264175209880908,0.00265505121339066,0.00266053780204626,0.00266207709674658,-1.53305753105e-05,-2.58060443091148e-05,-1.38121498089894e-05,-1.16952558292942e-05,-1.11051872752305e-06,2.3997344942954e-05,5.71109288867377e-05,6.34615277484989e-05,-1.88157846994044e-05,-7.97637152045753e-05,-0.000114194264650812,-0.000124130876360435,-0.000124686529072118,-0.000337130738834293,-0.000365058502631745,-0.000368731310122661,-0.000369665987473136,-0.000380728640971406,-0.000380779974875721,-4.46953195875169e-05,-0.000312219518120689,-0.00115657574426542,-0.00127648037741848,0.000847878720706812,0.000848671038905344,0.00103755491744922,0.00119874635448436,0.00142172277935781,0.00164048830529374,0.00398807451275608,0.00515897851653544,0.00562184794896901,0.00622425253667065,0.00662002064526271,0.00663411396761472,0.00665286145080685,0.00674461460776425,0.00676719336832732,0.00143919882686347,0.00143925764707099,0.0017507466568671,0.00175085672341745,0.0253535304193804,0.011522163187875,1.33980180268554,0.925838792143622,0
1,0.999989943923248,0.999979887888251,0.999951760427812,0.999710196364795,0.997085929119678,0.994355599937971,0.993704804733341,0.993370572759847,0.992008241277729,0.991709235000063,0.990824104347317,0.990057853628761,0.989296074764718,0.988539341988959,0.988398714657793,0.988170733364663,0.988168511226095,0.988052057008335,0.987977321419695,0.987856509002756,0.987854720530993,0.987835832960601,0.987794721369214,0.987756062924765,0.987740115337128,0.987735645137189,0.999978192560049,0.999960335544712,0.999938495307854,0.99993464140364,0.999915371938972,0.999869133865095,0.999808851114119,0.999797289924608,0.999975521695937,0.999918870421927,0.999858104174411,0.99984056279006,0.999839640738461,0.99951349784163,0.999425367488185,0.99941372412489,0.999411172753621,0.999380973209698,0.999380845128892,0.999935922987341,0.999541897430953,0.998300470429012,0.998124454592411,0.99369429977581,0.99369207178707,0.992523120899872,0.991536210034153,0.990174516437796,0.988840278854756,0.981982466901388,0.978604048484506,0.977296658603305,0.975739790060474,0.973446724947638,0.973362887075268,0.973250560481779,0.972700050869729,0.972563719031903,0.991696113580857,0.991695960850842,0.990725196376639,0.990724880227558,0,-6.46176631674719e-06,-1.29236625958859e-05,-3.06359295685613e-05,-9.29229030199129e-05,0.000279971825509006,0.000669794241053709,0.000762526623787647,0.000810274273686307,0.00120921490306806,0.00129697006336026,0.00155165977610085,0.00175891618964024,0.00196537963921473,0.0021711930102167,0.00220945073929642,0.00227122902203768,0.00227184719569479,0.00230813161097823,0.0023316428666811,0.00236936197986126,0.00236992615666683,0.00237586011460588,0.00238877590222941,0.00240092582290333,0.0024059382820369,0.00240734455416265,-1.38618595682757e-05,-2.3190705919729e-05,-1.22036032692256e-05,-1.02644102375633e-05,-5.68220856915199e-07,2.24317988273789e-05,5.2765148696915e-05,5.85825095941843e-05,-1.70396153030093e-05,-7.23886537762015e-05,-0.00010381766877672,-0.000112887998707753,-0.00011339511287984,-0.000307225553241156,-0.000331680506732397,-0.000334896551945757,-0.000335713069386099,-0.000345377160079272,-0.000345422004051692,-4.06849806206549e-05,-0.000289030436905669,-0.00107272394597869,-0.00118400180241651,0.00076402416035873,0.00076474893021822,0.000934416184469419,0.00107900565301636,0.00127904712101699,0.00147520910838174,0.00357415539432877,0.00461973531975704,0.00503282075227075,0.00556931445863484,0.00592166254516744,0.00593458045878195,0.00595187393164005,0.0060365060878579,0.00605734067818424,0.00130151176655718,0.00130156554981602,0.00158265001209378,0.00158274597878317,0.0203688987611415,0.00929407134386473,1.21222320180823,0.838029566817568,0
1,0.999990504630384,0.999981009297996,0.999954467641293,0.999727090797009,0.99725721822004,0.994687565576376,0.994074986055752,0.993760543428156,0.992463992260163,0.99217918804674,0.991339373915387,0.990610203973063,0.989885480561087,0.989165754915886,0.989032004584366,0.988814435771131,0.988812300889624,0.988700602989839,0.988628919783124,0.98851304478563,0.988511349848002,0.988493474432126,0.988454565938622,0.988417284759401,0.988401905327074,0.988397594384546,0.999979392479095,0.999962438790754,0.999941362692759,0.999937643627226,0.999919048352092,0.999874428017629,0.999816254419924,0.999805097730399,0.999976850728462,0.999922977571396,0.999865215162981,0.999848540881234,0.999847666085789,0.99953900456865,0.999456602899665,0.999445716380983,0.999443335494511,0.99941515390662,0.999415034384257,0.999939412363419,0.999564844931517,0.998386259110909,0.998219151872128,0.994065164597205,0.994063015346193,0.992966642069148,0.992042144344761,0.990766483989748,0.989516921506564,0.983094484345403,0.979930452837001,0.97870601008122,0.977250062909543,0.975105616333994,0.975026074884852,0.974919291082194,0.974395946335227,0.974264445910654,0.992166531620966,0.992166384303354,0.991247120513509,0.991246825634974,0,-6.10157406606326e-06,-1.22032640074757e-05,-2.89090983744274e-05,-8.74703302609306e-05,0.000264127774833657,0.000631559553463642,0.000718964901678122,0.000763943913639529,0.00114366771152347,0.00122725785820968,0.00146884662445682,0.00166613226374414,0.00186260367904917,0.00205839542030839,0.0020947886573293,0.00215376865476058,0.00215436189505184,0.00218914033123107,0.00221167558264182,0.00224782785054765,0.00224836214623583,0.00225397439937997,0.00226618992765825,0.00227789917676347,0.00228272982681564,0.00228408509041825,-1.30965212003328e-05,-2.19236637376683e-05,-1.13209446216005e-05,-9.4495958974779e-06,-9.26434700466683e-08,2.21026330225056e-05,5.13745456435191e-05,5.69883289025218e-05,-1.61398211805925e-05,-6.90400905310409e-05,-9.9143287836289e-05,-0.000107830974329296,-0.000108316488430698,-0.000293795280095402,-0.000316655073741201,-0.000319661318795088,-0.000320423253161992,-0.000329441292862561,-0.000329483138900118,-3.84629364915154e-05,-0.000274565393748764,-0.00101858511832483,-0.00112422203675557,0.000720365185466857,0.000721064080924604,0.000880456297598787,0.001016133864966,0.00120383542141385,0.00138781141088893,0.00335330348014916,0.00433174757171123,0.00471818784130321,0.00521922190097932,0.00554822281465743,0.00556045749993678,0.00557686974205209,0.00565718647423261,0.00567724773975267,0.00123163653886867,0.00123168839157496,0.00149773681033503,0.00149782627324455,0.0179489581803569,0.00820406001841079,1.14464409065113,0.791297500487417,0
1,0.999990565721769,0.999981131480349,0.999954766782629,0.999729314954029,0.997280388454307,0.994732544151151,0.994125060529942,0.993813509762935,0.992508986311216,0.992222133127986,0.991381201890653,0.990646429505373,0.989916026594242,0.989190545711214,0.989055725889674,0.988835391815117,0.988833210053446,0.988719492436476,0.988646513065327,0.988528532208045,0.988526854430003,0.988509174239917,0.988470690683134,0.988433409797336,0.988418030486052,0.988413719577454,0.99997952568904,0.999962732070727,0.999941655800924,0.999937936705075,0.999919341278358,0.999874720580166,0.999816546508243,0.999805389727771,0.999976980981958,0.99992322425042,0.999865413033558,0.999848724648701,0.999847849015679,0.999538851809564,0.999457969352021,0.999447283544125,0.999444949306713,0.999417319883993,0.999417202703443,0.999939729351894,0.999565605905708,0.998391796352789,0.998225366221227,0.994115419025141,0.994113269864631,0.993031429472361,0.992120723575692,0.990864005649226,0.989633192770533,0.983307166752942,0.980190611821377,0.978984538328037,0.977554009428196,0.975446995856597,0.975367458060641,0.975260448205168,0.974735995586493,0.974600081263861,0.992209477143156,0.992209329830676,0.991290759811708,0.991290470722856,0,-6.06717384057057e-06,-1.21344621617306e-05,-2.87275091621e-05,-8.67840133028344e-05,0.000261917136322791,0.000626301912455168,0.000712997938397213,0.000757568285549659,0.00113973228636793,0.00122394686538988,0.0014658137081668,0.00166476489554649,0.00186292779079183,0.00206043880161136,0.00209715188261459,0.00215694447006415,0.00215755009420953,0.00219295485684744,0.00221589603340149,0.00225270203623775,0.0022532309014364,0.00225878177449599,0.00227086369640579,0.00228257266234859,0.00228740319557603,0.00228875842640227,-1.30207593216161e-05,-2.17471655665313e-05,-1.11443631403024e-05,-9.2729997118252e-06,8.40262403414176e-08,2.22794771491615e-05,5.15516198203307e-05,5.71654472015963e-05,-1.61064590984295e-05,-6.95206968333251e-05,-0.00010012623169222,-0.000108958928408299,-0.000109453023533684,-0.000298407945971569,-0.000320843322890327,-0.00032379374697857,-0.000324540751939844,-0.00033338208612252,-0.000333423112178006,-3.82701180823834e-05,-0.000274094973621633,-0.00101510001947117,-0.00112030833498259,0.000714372914424226,0.000715071745123407,0.000872404429965865,0.0010061212629911,0.00119111917460014,0.00137240949980832,0.0033084818831247,0.00427213791569045,0.00465271105562516,0.0051448635003917,0.00546801479707539,0.00548024353015909,0.00549668400096162,0.0055771389602422,0.00559786636073499,0.00122832520398714,0.00122837705264267,0.00149413546556744,0.00149422316808963,0.017517677553613,0.00801947137339099,1.13783235573646,0.785976146726171,0
1,0.999989291989393,0.999978584026445,0.999948756124229,0.99969347180828,0.99691987622492,0.994034430084266,0.993346457804644,0.992994435181148,0.991459397566197,0.991121368234012,0.990142420985345,0.989268126671846,0.988399396903713,0.987536901610134,0.987376620672476,0.987112677750882,0.987110025896527,0.986972357286993,0.986884007294882,0.986741180663537,0.986739211501577,0.986718519030807,0.986673478819467,0.986628180268339,0.986609493477106,0.9866042554614,0.999976681061801,0.999956960314728,0.999931397251437,0.999926886423853,0.999904332363205,0.999850212809515,0.999779654423498,0.999766122539802,0.999973667934482,0.999910179024233,0.999841881709866,0.999822166318763,0.999821135387716,0.999458957656294,0.999366993800957,0.999354843978972,0.99935220127634,0.999320920682105,0.999320788016409,0.999931776815722,0.999509344882513,0.998193871058268,0.998007358254775,0.99333548127239,0.993332872644661,0.992125062721751,0.991112892463487,0.989716557488156,0.988350373535675,0.981328348073471,0.977869072089399,0.976530399181484,0.974951831132112,0.972626816453274,0.972535971570843,0.972413671558968,0.971814282906271,0.971646870580477,0.991106001503694,0.991105822638845,0.990039907649264,0.990039579976063,0,-6.90361953461384e-06,-1.38073869201401e-05,-3.25967606053336e-05,-9.84908323568738e-05,0.000294967797136278,0.000706356235037929,0.000804269497080153,0.00085447976522185,0.00130438708982411,0.00140369785542385,0.00168514931142634,0.00192244648474717,0.00215878750271074,0.00239433125025646,0.00243812111103567,0.00251002123303931,0.00251075775349559,0.00255368767640252,0.00258150607458887,0.00262613809130402,0.00262675986595451,0.00263326814879307,0.00264743408895637,0.00266168704566571,0.00266756717020477,0.00266921687638829,-1.48541843266228e-05,-2.50308076652424e-05,-1.21711366476507e-05,-9.9014305625016e-06,1.44740703979509e-06,2.83679165820239e-05,6.38724136041211e-05,7.06815858117943e-05,-1.8564123556408e-05,-8.24704231100171e-05,-0.000119308528173067,-0.000129940127508449,-0.000130534604123044,-0.000357772299250757,-0.000383271044603809,-0.000386624360081901,-0.000387470155186228,-0.000397480780553648,-0.000397527232590445,-4.33690039502153e-05,-0.000309594642919684,-0.00114004144737523,-0.00125796786964417,0.000805837812698235,0.000806686711812527,0.000981837894383942,0.0011301236831123,0.00133525779948796,0.0015361199119496,0.00368627966670567,0.00475764530385436,0.00518096776353308,0.0057253361577122,0.00608285541793815,0.00609686014275428,0.00611570065121072,0.0062079094034207,0.00623351710574881,0.00140901987982686,0.00140908290386476,0.00171729130236607,0.00171739083603672,0.0219719934766367,0.0100797070454259,1.29342143191752,0.891271606902592,0
1,0.999986481384526,0.999972962845254,0.999935386217096,0.999615137557046,0.996134207951525,0.992513208711271,0.99164947945992,0.991207656730958,0.989252769530128,0.988821581240211,0.987580168365021,0.986468912126059,0.985366351629607,0.984273388610466,0.984070281030876,0.98373383489482,0.983730417001664,0.983552905205614,0.983438985858192,0.983254877227328,0.98325233250191,0.983225713413207,0.98316777309883,0.983106015482965,0.98308053894303,0.983073397716895,0.999970467251922,0.999944976354305,0.999910247012978,0.999904118723277,0.99987347741738,0.999799952389079,0.9997040935095,0.999685709409913,0.999966610788909,0.999885101087024,0.999798094193942,0.999772977992687,0.999771676161894,0.999319614979823,0.999206999016817,0.999192120755248,0.999188908878887,0.999150891221358,0.999150729982819,0.999913694368651,0.999374031854384,0.997694331706448,0.997456188632006,0.991636003192384,0.99163245338235,0.990122584327387,0.98885953532552,0.987116497895816,0.985412936467888,0.976656022502552,0.972342602763139,0.9706734855169,0.968709418011469,0.965816756403106,0.965700410290648,0.965543043553425,0.964771795842414,0.964555454972522,0.988800657375753,0.988800413827343,0.987455271241569,0.987454872021349,0,-8.72934057853878e-06,-1.74589171800311e-05,-4.11671056128522e-05,-0.000124210273436448,0.000366023793696991,0.000879276433119955,0.00100159624406954,0.00106429717851488,0.00163845754861554,0.00176546819413717,0.00212326917385245,0.00242593399717858,0.00272713267863009,0.00302705253026034,0.00308282625401403,0.00317499424535824,0.00317594668910106,0.00323147970380354,0.00326746733477438,0.00332519789409874,0.00332600411528154,0.0033344058984878,0.0033526935894266,0.00337219440864952,0.0033802397557491,0.00338249694899352,-1.88244857433462e-05,-3.18320431805785e-05,-1.43620292101591e-05,-1.12785735795188e-05,4.13927153345515e-06,4.07128396933631e-05,8.89505770574624e-05,9.82020521245501e-05,-2.35847758500381e-05,-0.000105535124970273,-0.000152584315859625,-0.000166163204727662,-0.000166919708644986,-0.000454921258849837,-0.000486123846630418,-0.000490227349644267,-0.000491255468109581,-0.000503424117520525,-0.000503480583761187,-5.49202263162338e-05,-0.000394855706699738,-0.0014552635999894,-0.0016059081205968,0.00100352871764637,0.00100468587581942,0.00122219133161911,0.00140606014531668,0.00166063900006576,0.0019097813801125,0.00459321588947017,0.00593390094979047,0.00646430567592657,0.00714545545516483,0.0075930902419617,0.00761114682598308,0.00763555604796231,0.00775504526068996,0.00778837870443946,0.00177273169566107,0.0017728177113912,0.00216253092391171,0.00216265250804199,0.034386178843171,0.0158211270643669,1.63446912325162,1.12456312596623,0
1,0.999983794952476,0.999967590013621,0.999922671705863,0.99954811502488,0.995475648972778,0.99124013393075,0.990228588711032,0.989708770882623,0.987490197859143,0.986999852509819,0.9855722837945,0.984356663133658,0.983158002580321,0.981977498782849,0.981758124234954,0.981394290313496,0.981390585818354,0.981194757571024,0.981069083677807,0.980866272935972,0.980863092978133,0.980830192072148,0.980758578540567,0.980671793688656,0.980635992859058,0.98062595766316,0.999964344654064,0.999932281722326,0.999883594220588,0.999875002911755,0.999832046647831,0.999728971943342,0.999594586142349,0.999568813199874,0.999959853080436,0.999862546432633,0.99976265973159,0.999733825661261,0.999732378066329,0.999251382794755,0.999128341914513,0.99911208638479,0.999108653287138,0.999068017130226,0.999067844786264,0.999895041514098,0.999207663519913,0.997029280704309,0.996720455522824,0.990213801002452,0.990208817903221,0.988411350363679,0.986901744198674,0.984815358186794,0.982780788138185,0.972321304382354,0.967169848620921,0.965176553835315,0.962811190354135,0.959327680795984,0.959183833120497,0.958986733363226,0.958020758518343,0.957797744424882,0.986970468086019,0.986970126059026,0.985438522111758,0.985438094557112,0,-1.04243205299998e-05,-2.08489789229574e-05,-4.92067319575204e-05,-0.000146644945246205,0.000424030999847482,0.00102204041844791,0.00116486847149914,0.00123844419479303,0.00189320485827993,0.00203839914743825,0.00245298128256403,0.00278538925662495,0.00311442237307341,0.00344022091991822,0.00350081381556665,0.00360112780044179,0.00360216709799383,0.00366355773123231,0.00370334268554841,0.00376709912261725,0.00376810866610963,0.00377851799784152,0.00380117587287896,0.00382864630504607,0.00383998004311604,0.00384315986664193,-2.26036562850626e-05,-3.85291424770616e-05,-1.40395851856747e-05,-9.71710984939996e-06,1.18963810867283e-05,6.31691157254445e-05,0.000130798554813262,0.000143769743950308,-2.79070738534606e-05,-0.000120637072552066,-0.000171559830070267,-0.000186256685749936,-0.000187060603894499,-0.000486745296135102,-0.000520755998888751,-0.000525228806881163,-0.000526327822898245,-0.000539335641659773,-0.000539396002060968,-6.67087694217135e-05,-0.000499370568688632,-0.00187462499546646,-0.00207010913949546,0.00116700366961477,0.00116863038070822,0.00142587064650055,0.00164409371121201,0.001946869210903,0.0022426438359226,0.00544860466641085,0.00705461745950207,0.00769078677506389,0.00851547280947128,0.00905779925097691,0.00908026870439785,0.00911105071162636,0.00926177417832155,0.009296377959685,0.0020486184655058,0.00204873948561718,0.00249511527564552,0.00249524575562792,0.0483365351163343,0.0224442802035263,1.9547489909819,1.34992327295186,0
1,0.999981059714001,0.999962119575915,0.999909605669509,0.999480429859846,0.994812504702453,0.989958205722993,0.988797488534972,0.988199170887688,0.985705413120513,0.985152877800116,0.983534061427793,0.982214642953575,0.980919074187686,0.979648809744613,0.979412755880647,0.979019441702501,0.9790154027042,0.978799933915681,0.978661655785549,0.978438706330512,0.978435000181781,0.978396923600614,0.978314044539219,0.978205789696457,0.978161132048883,0.978148614221117,0.999958247413368,0.999920760062703,0.999860175027942,0.999849484320755,0.9997960312187,0.999667769657637,0.999500544607471,0.999468473609754,0.999953195437059,0.999842323695716,0.999731032012197,0.999698905781916,0.99969732663746,0.999188714408532,0.999058467050603,0.999041259454109,0.999037689356319,0.998995431589248,0.998995252367811,0.999875504608505,0.999027175328939,0.996310459856922,0.995925342764701,0.988781776071398,0.988775566907137,0.986689866313509,0.984934075023868,0.98250421423853,0.980137251743053,0.967967741454248,0.961974775816602,0.959655995852948,0.956891843730605,0.952821243168751,0.952647102053105,0.952405710277884,0.951222666488138,0.950985566611292,0.985116247659338,0.985115821294267,0.983394682904988,0.983394237396849,0,-1.21618617681036e-05,-2.43241842500894e-05,-5.75006721896335e-05,-0.000169549945897524,0.000480822201855958,0.00116306342118133,0.00132635964409183,0.00141075778938575,0.00215008831913299,0.00231450701999778,0.0027877936810167,0.00315001887710938,0.00350730807671619,0.00385976376356699,0.00392532188805251,0.00403442344346013,0.0040355618138505,0.00410325611427984,0.00414712781408786,0.00421738925689816,0.00421856847045519,0.00423064470641208,0.00425693136170605,0.00429128298748427,0.0043054562090378,0.00430943273213043,-2.640281895169e-05,-4.47044080136385e-05,-1.4232422322759e-05,-8.85395629103866e-06,1.80400991990693e-05,8.18419277412089e-05,0.000166002320938276,0.000182144745749818,-3.22536101001993e-05,-0.000135284933061119,-0.000190491636008313,-0.000206424998367009,-0.00020728611171266,-0.000523731827428625,-0.000559667224896713,-0.000564393151338419,-0.000565536103311813,-0.000579063966515353,-0.000579126740189995,-7.90800939651016e-05,-0.00061262413693207,-0.00232777239356802,-0.00257172092519687,0.0013286414357037,0.00133067132584899,0.00162717733378725,0.00187919143202763,0.00222953179537254,0.00257156614959525,0.00630274916231429,0.00817690916468781,0.00892023797564426,0.00988912819809566,0.0105267045151532,0.0105540811180602,0.01059203646394,0.0107779366223119,0.0108149889270463,0.00232727013174605,0.00232742127732899,0.00283178790893987,0.00283192415049155,0.0648033236501853,0.0303707232681845,2.28218586093863,1.5788205210265,0
1,0.999978394499692,0.999956789191843,0.999896776228889,0.999408864307404,0.994099753655704,0.988578712641944,0.987257920426059,0.986575766303677,0.98380884521255,0.983195462236028,0.981387036372239,0.979948957028204,0.978538816750336,0.977158260608934,0.976901712501476,0.976474494425378,0.976470111862731,0.97623525372698,0.976084532618621,0.975841600739925,0.975837448753301,0.97579485762493,0.975702152080428,0.975579124895301,0.975528373365274,0.975514147374464,0.999952438420314,0.999910500850267,0.999841829098711,0.999829711441116,0.999769123710539,0.999623742948312,0.999434197153713,0.999397845377175,0.999946868032754,0.999824016589933,0.999701628881309,0.99966629967338,0.999664573974583,0.999114063223842,0.998971666677332,0.998952854006637,0.998948968163099,0.998902973054098,0.998902777982077,0.999857246563295,0.998873899027575,0.995709371901294,0.995260799406936,0.987240707106811,0.987233658663942,0.984836206448956,0.982812478017477,0.980010105411595,0.977279640343211,0.963239665561422,0.956326462657025,0.953651788575325,0.950452813614202,0.945742138884444,0.945540976175952,0.945261082865463,0.943889349679508,0.943634674997795,0.983153862845456,0.983153378639773,0.981235011100732,0.981234525168949,0,-1.38728334081606e-05,-2.77462662984848e-05,-6.57138712153096e-05,-0.000193684946943378,0.00054044323011101,0.00131155553704414,0.00149636941872857,0.00159209095272032,0.00241447519870451,0.00259752836427691,0.00312836304164923,0.0035240270667873,0.00391391276891858,0.004298110650868,0.00436958280512826,0.00448847465824702,0.00448971444618518,0.00456368545232973,0.00461162664292959,0.00468838972101873,0.00468971420474154,0.0047032578292023,0.00473273902996976,0.00477188240725087,0.00478803302151926,0.00479256437059638,-3.0078291965415e-05,-5.04755062813906e-05,-1.59376397615423e-05,-9.84146628336985e-06,2.06416177467719e-05,9.29595682152739e-05,0.00018835727955751,0.000206655570792298,-3.64595588282064e-05,-0.000149268402098743,-0.000209080300286608,-0.000226342955311647,-0.000227271847993583,-0.000566845122206396,-0.000606116455754265,-0.000611281157121869,-0.00061252529871097,-0.00062725089170948,-0.000627319223496103,-9.07078991879105e-05,-0.000708761181989997,-0.00270666651203309,-0.0029909781383015,0.00149887570317774,0.00150118356577884,0.00183945759169138,0.00212765971010828,0.00252879946079336,0.00292075941279456,0.00722679671877548,0.00939613538718555,0.0102577434465613,0.0113856504918386,0.0121284276737446,0.0121602809473664,0.012204614970295,0.0124218116774469,0.0124619196467214,0.00261205177338735,0.00261222376596797,0.00317645411084695,0.0031766030414896,0.0852541885541527,0.0399947557039795,2.60327773045719,1.80100923549617,0
1,0.999976336674759,0.999952673580405,0.999886995794369,0.999352693157749,0.993536707099853,0.987488844073653,0.986041615991537,0.985293152752999,0.982314321961444,0.981653817201047,0.979700851956688,0.978162981872459,0.976658005188448,0.975187770739423,0.974914558911254,0.974459847444063,0.97445518766669,0.974203874153734,0.974042592947247,0.973782762519776,0.973778150950392,0.973730948244118,0.973628205031532,0.973488833195002,0.973431339188874,0.973415223226816,0.99994781359868,0.999901251344924,0.999823617827962,0.999809918816304,0.999741424470324,0.999577072285616,0.999362790453282,0.999321694673364,0.9999417494565,0.999807102131941,0.999674363264995,0.999636046108855,0.999634191238182,0.999050697278756,0.998897751192391,0.998877544786631,0.998873398506609,0.998824320728004,0.99882411258196,0.99984376635033,0.998768403753241,0.995297995342002,0.994806083290696,0.986023090102367,0.986015112583854,0.98337056290563,0.981134070543237,0.978035978800444,0.975018582014206,0.959501842399371,0.951862260914966,0.948906696865341,0.945363102870719,0.940145188021186,0.939925117607204,0.939618512753122,0.938115871576869,0.93784991765018,0.981606718456596,0.981606170240083,0.979538369459821,0.979537850102951,0,-1.51947819993261e-05,-3.03902831472707e-05,-7.19948552156309e-05,-0.000212655207406074,0.000586585536320987,0.00142690240848725,0.00162848835940714,0.001733051140443,0.00261987024936131,0.00281736502812488,0.0033920315430361,0.00381598730702092,0.00423308936413992,0.00464340320313585,0.00471974231158355,0.00484668120797514,0.0048480042424915,0.00492731240489426,0.00497871416741006,0.00506099242397989,0.00506246648017499,0.00507750781259535,0.0051102496641608,0.00515468742500108,0.00517302295142374,0.00517816736377351,-3.29897631727338e-05,-5.55163814414188e-05,-1.64731495606168e-05,-9.58167505044974e-06,2.4878530406395e-05,0.000106633953274021,0.000214485777692208,0.00023517351017525,-3.98345333170384e-05,-0.00016148402303934,-0.000225031354064787,-0.000243372250008032,-0.00024435290277893,-0.000600082168977004,-0.000642235633959126,-0.00064777942282035,-0.00064910704463834,-0.000664820757789589,-0.000664893675017965,-9.93127736546481e-05,-0.000774894060473702,-0.0029659470216865,-0.00327785402563746,0.00163119328461246,0.00163380857871195,0.00200465877101746,0.00232118610879387,0.00276212084245824,0.00319298186292488,0.0079531146975995,0.0103568946907821,0.0113126834810026,0.0125679476481127,0.0133951029454528,0.0134301521001437,0.0134790022260302,0.013718366423541,0.0137605084911385,0.00283383421954245,0.00283402925604918,0.00344351904521153,0.00344367849583485,0.10334388963151,0.0484078955694116,2.85129602617963,1.97252011648379,0
1,0.999974295933454,0.999948592139535,0.999877403672589,0.999298376550208,0.992993478779105,0.986437695886597,0.984868616417779,0.984056678736244,0.980832001715635,0.98011663538042,0.978002931497605,0.976340559800461,0.9747171191279,0.973134710127607,0.972840654610795,0.972350546635403,0.972345510846921,0.972072529510984,0.971897343204003,0.971615237972075,0.971610084342405,0.971557470837547,0.971442950373587,0.971283547608351,0.971217790488928,0.9711993583052,0.999943122499648,0.999891094954272,0.999802497800701,0.999786864199227,0.999708697119465,0.999521136001042,0.999276592606623,0.999229693098531,0.999936459759497,0.999787652681835,0.999642404573245,0.999600476520975,0.999598466248745,0.998975684765344,0.998811656101405,0.998789985542339,0.998785576639173,0.998733390309519,0.998733168979688,0.999830489248842,0.998663483204397,0.99489272373576,0.99435825897111,0.984848704264218,0.984839590103631,0.981969007455017,0.97954086515916,0.976176630314961,0.972902868482584,0.956066465223664,0.9477779028807,0.944571402058758,0.940723942090386,0.935058813247576,0.93481946530226,0.934485614074217,0.932849444362872,0.93256619991219,0.980062805440085,0.980062178874522,0.977829871289302,0.977829318122263,0,-1.6511208040089e-05,-3.30232649296166e-05,-7.81703143581703e-05,-0.000231125129809461,0.000630359317975492,0.00153692000947092,0.00175457277020117,0.00186753925296575,0.00282888975826102,0.00304315442460819,0.00366629479012285,0.00412562913116843,0.00457682020215787,0.00501990151990135,0.00510234866685559,0.00523967945764139,0.00524111409655668,0.00532743393993266,0.00538338233347734,0.00547291234037238,0.00547456314182089,0.00549136539676044,0.00552794106990316,0.00557887928353021,0.00559989759269494,0.00560579478065974,-3.5941574796174e-05,-6.09525363665719e-05,-1.63981757755339e-05,-8.53383693487775e-06,3.07915467547733e-05,0.000124092427977187,0.000247181647344397,0.000270793012280077,-4.33827540857454e-05,-0.000176153190374044,-0.000244630159992971,-0.000264394067823455,-0.000265444194974859,-0.0006434318037201,-0.000688601882984057,-0.000694542450938748,-0.000695954282487278,-0.000712664757301421,-0.000712742300101738,-0.000107800540605997,-0.000840633819497019,-0.00322135092514268,-0.00356037450360246,0.0017574893605108,0.00176048084620557,0.00216079833965835,0.00250259077056247,0.00297901999188443,0.00344431763696027,0.00861101476268887,0.0112256596915383,0.0122663394728119,0.013635100839665,0.0145375312098751,0.0145758508364369,0.0146293252784384,0.0148913963362387,0.01493653156664,0.00306200685072027,0.00306223011226769,0.00372122933739062,0.00372139946499468,0.1215894179429,0.0569651253442451,3.09787524938292,2.14234909163497,0
1,0.999973077265311,0.999946154831233,0.999871151801146,0.999256732714613,0.99256421874105,0.9856042596091,0.983938792454753,0.983077396377913,0.979708794003906,0.978962309808618,0.976752193332479,0.975009206556945,0.973299389973386,0.97162473442364,0.971313538169028,0.970796540571222,0.970791260133791,0.970508109162951,0.970326396657484,0.970033498710721,0.970028474183126,0.969976874849464,0.969864561850915,0.9697171969836,0.969656405709532,0.969639365495091,0.999940942127908,0.999890537669745,0.999808766886989,0.99979433783286,0.999722193352446,0.999549082945701,0.999323381534667,0.999280095646875,0.999934240160825,0.999786487310795,0.999639080160842,0.999596528850071,0.999594445364179,0.998927348336271,0.998753308036763,0.998730314791444,0.998725550181412,0.998669153512618,0.998668914326174,0.999822569830635,0.998614093912161,0.994719799573686,0.994167833754112,0.983917696723167,0.983909276429262,0.980850736329928,0.978259865190282,0.974670696574444,0.971170031278148,0.953165485597401,0.9443025536492,0.940873984135311,0.936763703924112,0.930711795394176,0.930461284490808,0.930112737735941,0.928404548768435,0.928095035646634,0.978912566584362,0.978911987586914,0.976564940506646,0.976564341974951,0,-1.73379142884229e-05,-3.46767621899467e-05,-8.23126291167779e-05,-0.000245174985063836,0.000663846565266523,0.00162146820123317,0.00185141868371658,0.0019707058192699,0.00297451062996885,0.00319803504882066,0.00384942496671835,0.0043305617235379,0.00480513501975244,0.00527324834715642,0.00536036325503471,0.00550493407118552,0.00550643667241041,0.00559613233137792,0.00565426971710199,0.00574737037763343,0.00574898276985162,0.0057654884101986,0.00580141829423569,0.00584858667880587,0.00586804913357518,0.00587350975443558,-3.74739670040072e-05,-6.20580853590686e-05,-2.09347993640197e-05,-1.36761415989583e-05,2.2620290145815e-05,0.000108733137417354,0.000222335584462368,0.000244126676741348,-4.51297987392804e-05,-0.000180586597472327,-0.00025239681826669,-0.000273123027645584,-0.000274239202518973,-0.000682731750568404,-0.000730754691653596,-0.000737070581354154,-0.000738596402386623,-0.000756656142311091,-0.000756739946557051,-0.000112989475845651,-0.000871740349150771,-0.00333048365014523,-0.00368066819324768,0.00185449826983705,0.00185726462709923,0.00228174379304227,0.00264458835708421,0.00315045252271657,0.00364592557695919,0.00917226068580236,0.0119741958415162,0.0130904193263727,0.0145580768820036,0.0155261810367302,0.015566471791677,0.0156225538474342,0.0158974327822739,0.0159469900659215,0.00321547676385747,0.00321568331807358,0.00390894074950374,0.00390912506753222,0.137874134836466,0.0642402529303574,3.24974232768727,2.24184198427247,0
1,0.999973731921703,0.999947464130538,0.999873765100754,0.999264710241929,0.992630343023725,0.985729480422513,0.984078546855266,0.983224890749505,0.979970066842557,0.979249874421168,0.977109499814278,0.975420450471725,0.973754913730474,0.972114571844573,0.971809751398012,0.971305822570676,0.971300722356135,0.97103048997216,0.970857067847714,0.970577214477059,0.970572759653498,0.970526626530701,0.970426211399905,0.970305735037875,0.970256035774193,0.970242104741653,0.999942980683179,0.99989856653495,0.999831682127616,0.999819879857497,0.999760869035676,0.999619271981749,0.999434659568484,0.99939925393994,0.99993678442282,0.999802368142394,0.999664515054212,0.999624721574221,0.999622722114739,0.998957582835827,0.998784998022468,0.998762197049919,0.998757371697781,0.998700256052701,0.998700013816984,0.999827101190558,0.998666325075664,0.994935328526598,0.994406497053041,0.98405768840478,0.984050801200765,0.980999236414782,0.978408264363578,0.974819426982635,0.971309597843482,0.953257895617983,0.944371777222401,0.940934243287382,0.936813737169543,0.930746772080673,0.930504469610245,0.930168450720063,0.928521657958925,0.928210422881375,0.979209194482781,0.979208720979255,0.976919922775321,0.976919316814616,0,-1.69447720495748e-05,-3.38904343543458e-05,-8.07215824172458e-05,-0.000242229828885658,0.000658121663924186,0.00160682106341078,0.0018345414748448,0.00195263857768791,0.00292116853106195,0.00313648431889958,0.00376632551231405,0.00423127133789224,0.00469195490636899,0.00514856008340362,0.00523352951454838,0.00537375652980482,0.00537520286312168,0.00546078627554207,0.00551625689187789,0.00560515910679978,0.00560658831128879,0.00562133789754634,0.00565344458242162,0.00569198480973305,0.00570788651979756,0.00571234802968515,-3.63169512721952e-05,-5.8428471925028e-05,-2.47887488458234e-05,-1.8851116418759e-05,1.08391485343743e-05,8.12758462958276e-05,0.000174191102782402,0.000192013128059308,-4.35771400273835e-05,-0.000170835127166206,-0.00024045440116471,-0.000260548204137935,-0.000261646909386862,-0.000671115741174407,-0.0007188446227796,-0.000725121891064461,-0.000726667113620331,-0.000744956505772419,-0.00074504137575572,-0.000110196355285121,-0.000839180475698196,-0.0031948139928803,-0.00353025025724576,0.00183757052584983,0.00183983288844831,0.00226327777928764,0.00262592733707867,0.00313144227879234,0.0036280561604869,0.00916788852038627,0.011976864685548,0.013095930031286,0.0145671647240154,0.015537669694031,0.0155766432525742,0.0156307082540991,0.0158956797464242,0.015945506452585,0.00315074394874727,0.00315091281740683,0.00382655797423683,0.00382674451222438,0.136991776801196,0.0633884236659732,3.17395982849121,2.18597925387439,0
1,0.999974914539272,0.999949829340326,0.999879315875056,0.999294803341501,0.992928836671244,0.986306782427882,0.984722617985938,0.983903480193052,0.980810040207273,0.980125853989107,0.978090587977795,0.97648358673786,0.974896800152549,0.973331764411923,0.973040936879953,0.972560807800434,0.972555961084221,0.972299957358145,0.972135666322582,0.971870467341895,0.971866331195025,0.971823392063127,0.971729929047985,0.971620883233092,0.971575899295855,0.971563290006234,0.999945700012977,0.999904491149399,0.999843873312649,0.999833176817345,0.999779694775185,0.999651363773553,0.999484048184197,0.999451959822454,0.999939872253789,0.999814013724724,0.999683941630429,0.999646394200103,0.99964449433916,0.999006166503605,0.998840689208249,0.998818827231691,0.998814175711115,0.998759117630145,0.998758884120832,0.999835049158703,0.998733889716679,0.99519703058938,0.994695703750022,0.98470264493426,0.984696406775534,0.981760955858306,0.979266428721564,0.975811189594489,0.97242956492911,0.955037928410236,0.94647634691563,0.943164286202731,0.939193324876041,0.933346428431592,0.933116696529322,0.932798435686284,0.931238671153691,0.930940416343786,0.980089016632674,0.980088587855676,0.977908014299669,0.977907430724183,0,-1.61794894917305e-05,-3.23597907597857e-05,-7.71447297105944e-05,-0.000231878007570209,0.000634564705145857,0.00154711450328045,0.00176607773360192,0.001879634202809,0.0027993699433868,0.00300370759686145,0.00360194074700743,0.00404365360187141,0.00448177547335282,0.00491650326907765,0.00499739388876504,0.00513067562379568,0.00513204730827963,0.00521302820715793,0.00526551438046846,0.00534965001489334,0.00535097534470977,0.00536468577816057,0.00539453013275434,0.00542936717625764,0.00544374070925458,0.00544777343624563,-3.46005321983804e-05,-5.52412256708593e-05,-2.47522523444428e-05,-1.93707876914325e-05,7.53826282993103e-06,7.13756710486413e-05,0.000155583011008916,0.00017173444226362,-4.14752995742313e-05,-0.000161680831777296,-0.000227989491653528,-0.000247127628633184,-0.000248178208450257,-0.0006415090108383,-0.000687297209966465,-0.000693319208198826,-0.000694808683627314,-0.000712438208354772,-0.000712520016123699,-0.000105115287608897,-0.000796854771164983,-0.00302989442719302,-0.00334780271952648,0.00176897247822657,0.00177102029527711,0.0021794942084042,0.00252956939923845,0.00301745411269691,0.00349702161811337,0.00883303481118858,0.0115357611137825,0.0126119500797213,0.0140266520629458,0.0149596214990056,0.0149964749043575,0.015047543892971,0.0152978023731711,0.0153454117179155,0.00301660874059787,0.00301676152086981,0.00365988993558202,0.00366006940102142,0.126667931531422,0.0584715911332196,3.03079226350383,2.08767676276329,0
1,0.99997510522251,0.999950210703107,0.99988011485496,0.999297800177473,0.99295577672941,0.986358306402401,0.984780140919828,0.983964303770955,0.98089306345262,0.98021401331745,0.978193717504715,0.976595126153703,0.975014392245796,0.973452980059452,0.973162825811388,0.972684180055177,0.972679355379893,0.972425469596344,0.972262537737639,0.971999446062781,0.971995445781413,0.971953811022774,0.97186318713945,0.971760532681006,0.971718185308095,0.97170631506754,0.999946255408797,0.999906477823514,0.999849406100222,0.999839335339299,0.999788981919725,0.999668157932311,0.99951063023083,0.999480419034733,0.999940539327078,0.999817734279871,0.999689731111125,0.999652780884868,0.999650897499288,0.999011602782698,0.99884651184271,0.998824700905006,0.998820036129347,0.998764821154059,0.998764586979336,0.999836366738265,0.998748104720017,0.995256641602453,0.994761746489153,0.9847602295762,0.984754356526186,0.981828298045173,0.979341072506711,0.975896154884407,0.97252248598493,0.955171820518788,0.946630384457968,0.943326112689289,0.939366090445021,0.933535291306279,0.933307728084666,0.932992758046517,0.931449121052184,0.931148692351736,0.980179333147346,0.980178929479375,0.978010641726459,0.978010056546082,0,-1.60648830593631e-05,-3.21305660177924e-05,-7.66537728742597e-05,-0.000230803128333247,0.000632377947206181,0.00154152403431816,0.00175964347541725,0.00187273209276261,0.00278545535888256,0.0029881609406199,0.00358165462995988,0.00402075123768255,0.00445682849715335,0.00489010338187292,0.00497072323579556,0.00510343430602012,0.00510479831793018,0.00518510486598811,0.00523715375090308,0.00532060822643701,0.0053218899658802,0.00533518230344026,0.00536411643879119,0.0053969072504441,0.00541043639576674,0.0054142322029286,-3.4282818529957e-05,-5.43319838739444e-05,-2.56260062484833e-05,-2.05592709025153e-05,4.77593691936333e-06,6.48790259376419e-05,0.000144159081636956,0.0001593652551286,-4.10851814105662e-05,-0.000159651772614716,-0.000225687102485011,-0.000244746360999928,-0.000245797025639487,-0.000641082786592888,-0.000686789962255158,-0.000692801316854243,-0.000694295027683147,-0.000711974685882186,-0.000712056726302635,-0.000104299035089477,-0.00078798475734803,-0.00299236158537822,-0.00330617291152724,0.00176252539241903,0.00176445324155456,0.00217170387733796,0.0025207987948967,0.00300727646190383,0.00348578779030109,0.0088091117055354,0.0115052296641748,0.0125787528734048,0.0139893352565552,0.0149195731492126,0.0149560721409906,0.0150066026410931,0.0152542170466344,0.0153021625653548,0.00300030550601602,0.00300044932627751,0.00363975705821938,0.00363993699832279,0.125857142626288,0.0580123547974232,3.00870807486353,2.07141003594734,0
1,0.999974388475902,0.999948777225763,0.999876613013804,0.999274940106464,0.992721072581022,0.985903022277261,0.984272339627233,0.983430043806797,0.980233952396955,0.979527448208481,0.977431687430796,0.975754761038502,0.974094347225083,0.972451922395946,0.972146714824939,0.971642907247199,0.971637822725969,0.971371462725476,0.971200525684573,0.970924417232772,0.970920349810606,0.970877924380679,0.970785579502735,0.970683633244824,0.970641578019499,0.970629789670063,0.999944793651397,0.999904464829186,0.999847849705205,0.999837859514197,0.999787908938061,0.999668051560078,0.999511784151767,0.999481814660328,0.999938892412151,0.999812846688647,0.999680307946571,0.999642048466727,0.999640085149048,0.998967466391624,0.998795434626072,0.998772706706908,0.998767825597899,0.99871004998453,0.998709804949799,0.999831997504952,0.998722163655276,0.995171606373618,0.994668338790163,0.984251593346463,0.984245764264958,0.98123100779686,0.978670210844507,0.975124037630942,0.971649882942601,0.953781911773195,0.944986127383714,0.941583518569252,0.937512325284733,0.931517924534435,0.93128411508239,0.930961001944221,0.929377457415057,0.929055994096219,0.979493021343142,0.979492620623565,0.977239980751827,0.977239367984039,0,-1.65514611007563e-05,-3.3103770056705e-05,-7.8972838071427e-05,-0.000238499717839734,0.000651089668644481,0.00158851148791196,0.00181342629452576,0.00192993221148003,0.00287942660199196,0.00309028331455223,0.00370558065279221,0.00416629856072994,0.00462447658734206,0.00508036198071631,0.00516519749287724,0.00530493349313861,0.00530637082046448,0.00539071518319706,0.00544538225460028,0.00553305770624704,0.0055343624872032,0.00554792226213573,0.00557743862339904,0.00561003937440925,0.00562349009106765,0.00562726389265615,-3.52766180297113e-05,-5.57124779724256e-05,-2.72360205247474e-05,-2.22097992338298e-05,2.9228139202945e-06,6.25452041946765e-05,0.000141191009646158,0.000156275509201705,-4.23814372602157e-05,-0.000165717481465045,-0.000235152605480609,-0.000255193319357487,-0.000256302641314894,-0.000675640795423382,-0.00072329341577866,-0.000729560694896048,-0.000731123754882208,-0.000749624285697652,-0.000749710135504335,-0.00010716347563322,-0.000804351999159162,-0.00304605728785619,-0.00336520430013544,0.0018164274872867,0.00181834189241478,0.00223704716581655,0.00259573608778819,0.00309555971182997,0.00358749364719898,0.00907080647197639,0.0118502902685494,0.0129574476174117,0.01441015891251,0.0153683731385985,0.0154059528076849,0.0154578971930861,0.0157124542665051,0.0157638710515097,0.00310234762607269,0.0031024904959055,0.00376646966075166,0.00376665823244118,0.133725259528802,0.061550607047284,3.09806809012662,2.12990858319972,0
1,0.99997231101012,0.999944622342418,0.999866590723779,0.999212167412628,0.992080876190868,0.984661952505049,0.98288795601718,0.981973175279752,0.978426387383995,0.977642359736446,0.975333627200089,0.973443879733912,0.971569562749114,0.969712258819952,0.969367124172876,0.968795814426001,0.968790018494525,0.968488513373815,0.968295022440793,0.967982346460841,0.967977973828048,0.967932253972403,0.967832738370251,0.967726075609496,0.967682074731548,0.967669741000769,0.999940393330008,0.999897255885154,0.999838200642966,0.999827779877378,0.999775676461702,0.999650653420844,0.999487650863498,0.999456389674809,0.999933901809495,0.999796473356542,0.999650166352849,0.999607932519279,0.999605746927397,0.99884845073177,0.998658815979965,0.998633762463483,0.998628358191457,0.998564390141762,0.998564118844097,0.999819075090108,0.99863711732388,0.994877656098955,0.994344791979896,0.982865071803845,0.982858983063236,0.979603131824227,0.976843043944819,0.973022106797229,0.969277625496804,0.950017819727218,0.940537788415209,0.936870650691058,0.932498991597438,0.926062447160546,0.925809536822388,0.925460821248749,0.923751805151314,0.923376234200288,0.97760638067401,0.977605961887309,0.975120942858549,0.975120263038831,0,-1.79490431864511e-05,-3.58990804038332e-05,-8.55813465071391e-05,-0.000259801774781735,0.000701419568168335,0.00171558467353337,0.00195900462497936,0.00208485814053772,0.00313837016253757,0.00337242196778682,0.00404986883789193,0.00456982124399545,0.00508793623718635,0.00560452075457482,0.00570067747622942,0.00585952041562913,0.00586116054949478,0.00595691099153463,0.00601897461339018,0.00611855096934533,0.00611995800778348,0.00613461499671259,0.00616652008677109,0.00620073306427354,0.0062148490716876,0.0062188095415074,-3.82121367563674e-05,-6.02026917198124e-05,-3.04991453346224e-05,-2.52563223253139e-05,9.59432107966327e-07,6.31518194647728e-05,0.000145188599329558,0.000160923624289578,-4.61837521904774e-05,-0.000183633402171934,-0.000262271257844346,-0.000284968665311979,-0.000286231844950216,-0.000766694174210713,-0.000819254189294275,-0.000826167042264806,-0.000827897861729467,-0.000848384148072502,-0.000848479213166075,-0.00011559371493796,-0.000857890214676423,-0.00323154462463696,-0.00356955810283235,0.00196231608597644,0.0019643185900693,0.00241390734055853,0.00279838566714466,0.00333418088951678,0.0038619556934882,0.00977606230329461,0.012780738995425,0.013978887274078,0.0155461958977298,0.0165805605172161,0.0166214411593631,0.0166778185660317,0.0169541483579193,0.0170145852371057,0.00338505453031879,0.00338520412983106,0.00411756591421549,0.00411777557493064,0.156324420670344,0.0718293027942529,3.35562393746659,2.3000694289658,0
1,0.999965643311649,0.999931287128063,0.999834593425103,0.999006917687736,0.989976282977438,0.98058117030148,0.978336350893267,0.977183680612542,0.972473595528458,0.971433021031406,0.96842161057502,0.965802921416223,0.963197466262026,0.960607242370904,0.960125928506448,0.959325632681051,0.959317446610682,0.958896793176768,0.958626841454346,0.958190261221136,0.958184732012813,0.958126607943682,0.958000093111587,0.957873443785848,0.957821198061636,0.957806553234879,0.999926106118092,0.999872350005716,0.999802936652339,0.999790688134765,0.99972944611641,0.999582495427317,0.999390902682442,0.999354158331662,0.999917544761505,0.999739434936218,0.999545154985714,0.999489073500679,0.999486123339945,0.998441807748625,0.998189806329708,0.998156513347175,0.998149267699577,0.998063504181159,0.998063140446177,0.999778908412759,0.998393796069294,0.994061401148869,0.993447374522429,0.978305851737526,0.978298662420839,0.974255960184542,0.97084617758012,0.966130688278543,0.961507717459135,0.937723120326571,0.926019528242784,0.921492939818038,0.916147078609195,0.908277230357994,0.907965889083572,0.907540363280389,0.905454921488089,0.90489929593552,0.971390465051382,0.971389969711296,0.968134545039129,0.968133627472289,0,-2.24665806848797e-05,-4.49347052190472e-05,-0.000106845791571241,-0.000330041966449894,0.000860009265739367,0.00212065210717142,0.00242359376246897,0.00257945838255741,0.00397814036928882,0.00428912587897939,0.00517180416883842,0.00589571102072357,0.00662023796369444,0.00734589607236031,0.00748109443671596,0.00770550138704426,0.00770783271754656,0.00784271652556365,0.00793016406524449,0.00807057911890569,0.00807237670602793,0.00809119990116833,0.008132175667714,0.00817321594658097,0.00819014937138682,0.00819490036756216,-4.77862341772073e-05,-7.55562196915514e-05,-4.06442050891302e-05,-3.44819864733969e-05,-3.66862845310252e-06,6.94330234976323e-05,0.000165864900894711,0.000184361601454032,-5.86847248269259e-05,-0.000244322001037623,-0.00035366680280784,-0.000385229538804437,-0.000387003170308864,-0.0010691131363878,-0.00113905415060257,-0.00114825369550651,-0.00115057530325168,-0.00117805491615408,-0.00117818243606231,-0.000141984351867022,-0.00101124661037135,-0.00374683916188007,-0.00413665018464499,0.00242801766604418,0.0024303931537032,0.00297806242807486,0.00344441835329515,0.00409443464336851,0.00473603969522319,0.0120541222935508,0.0158001085035395,0.0172992017376458,0.0192458767305896,0.0205329479315134,0.0205842291323902,0.0206543224501851,0.0209980662577876,0.021089284084298,0.00430416315460793,0.00430434123289097,0.00526382845978994,0.00526411348533048,0.242380311192385,0.110644176944163,4.18589042998792,2.84469506033929,0
1,0.999960188019173,0.999920376724837,0.999808342054774,0.998831441132529,0.988160826928936,0.977059021659976,0.97440900030632,0.973051122932975,0.967401765276704,0.966156388941098,0.962562664571101,0.959333839322911,0.956113628073854,0.952904302541439,0.952307964393101,0.951320846657959,0.951310833613936,0.950798451633574,0.950469636249757,0.949937575289421,0.949931077308806,0.949862286370477,0.949712553936129,0.94957649011049,0.949520360733458,0.949504627286169,0.999914513537648,0.999852252043321,0.999778321273936,0.999765275632475,0.99970004807121,0.999543534313733,0.999339472712303,0.99930033702137,0.99990428035952,0.999693389104496,0.999459584741773,0.999392094569312,0.999388493150167,0.998090432885576,0.99777433600542,0.997732575200426,0.997723393733283,0.997614716915765,0.997614256002821,0.999747242873063,0.998227501482549,0.993523838729644,0.992857224141289,0.974370661306561,0.974362973592531,0.969629222001241,0.965643329296649,0.960137158119587,0.954734794488668,0.9269334674727,0.913257117187175,0.907968243615407,0.901746399672406,0.892588093879311,0.892231939948012,0.891750662446276,0.889392000459811,0.888697528589795,0.966110818158343,0.966110287726864,0.962196822936991,0.962195653577378,0,-2.62004628999564e-05,-5.24030121326146e-05,-0.000124509572054675,-0.000390897440384861,0.000987035951690092,0.0024518521731168,0.00280406208151807,0.00298481505339234,0.00466158377510409,0.00503401192388939,0.00608703356575602,0.00698187885941017,0.00788061456139922,0.00878397648085131,0.00895241654277829,0.00923070728131465,0.00923357942699047,0.00939924970201141,0.00950667436498774,0.00967926404203863,0.00968139532080537,0.00970386588536609,0.00975278335085595,0.00979725884276557,0.00981560994060891,0.00982075872217453,-5.56578794103253e-05,-8.8386684278338e-05,-5.12029258391266e-05,-4.46396933690661e-05,-1.18209616162912e-05,6.60392812673603e-05,0.000168750718318745,0.000188452201006872,-6.87961512317204e-05,-0.0002918472334103,-0.000424973644185807,-0.000463403087545963,-0.000465576766409613,-0.00130779543640681,-0.00139565372259773,-0.00140721087613475,-0.00141015392269685,-0.00144499003913621,-0.00144515170083902,-0.000163041039258777,-0.00111636811511653,-0.00408655454865942,-0.00450997520398959,0.00280963091266978,0.00281218133924022,0.0034422237161682,0.00397806953813789,0.00472486155311535,0.00546371903420475,0.0140302147193481,0.0184451933464514,0.0202177675303372,0.0225151906910117,0.0240367870466616,0.0240964634202387,0.0241770933577023,0.0245726748212592,0.0246887461568111,0.0050502024286458,0.00505039416464636,0.00620502438059423,0.00620538986255905,0.333081669844603,0.151023369338851,4.86948244763335,3.28850241663167,0
1,0.999959864759213,0.999919730216877,0.999806749733672,0.998811587497153,0.98793933586482,0.976627212854329,0.973929563366508,0.972546860506461,0.966874991411745,0.965628585135778,0.961995538241182,0.958722171583959,0.955453762035765,0.952192502130915,0.951586514905644,0.950594449079322,0.950584594653637,0.950078428570859,0.949753602067313,0.949227895977384,0.949221255822039,0.949150547177224,0.948996640653864,0.948868520625349,0.948815668212916,0.948800853325806,0.999913891034013,0.999850629910704,0.99978106915306,0.999768794625145,0.99970742255752,0.999560159822653,0.999368160216293,0.999331337835595,0.999903537959427,0.999689912639431,0.999452230634171,0.999383621165073,0.999379930264681,0.998036220380433,0.99769430957818,0.997649138433666,0.997639133419138,0.997520708712991,0.997520206458187,0.999747122246866,0.998263975299509,0.993672040696371,0.99302125124459,0.973888120194928,0.973880883094506,0.96904704413343,0.964969878280834,0.95934255299621,0.953817486129281,0.925383482240975,0.911396489775206,0.905987599604023,0.899606469185661,0.890213880978273,0.889861720682043,0.889390905872509,0.887083518252584,0.886406086718108,0.965585683386942,0.965585184022217,0.961596670333613,0.96159539541237,0,-2.64276733930228e-05,-5.28574682999903e-05,-0.000125668619732563,-0.000397574564884269,0.00100108401526351,0.00248868653920198,0.00284599918500839,0.00302944141505766,0.00470997458295533,0.00508206130250795,0.00614517212880135,0.00705056164764951,0.00796090844485415,0.0088770068306653,0.00904783295625142,0.00932675834741005,0.00932959034417334,0.00949340584215468,0.00959962658614589,0.00977030415502246,0.0097724841003986,0.00979559854584482,0.00984591804440119,0.00988782871762351,0.00990512134000721,0.00990997312312079,-5.61234612657925e-05,-8.98620461580283e-05,-5.48751666843352e-05,-4.86997328040239e-05,-1.78202887341873e-05,5.54381780831751e-05,0.000152076987999505,0.000170613389593135,-6.91723086875816e-05,-0.000291935769256849,-0.000424344641950598,-0.000462566939663793,-0.000464734167981287,-0.00130677497053808,-0.00140189165799313,-0.00141440401622292,-0.00141761127779935,-0.00145557524487607,-0.00145575142352313,-0.00016327962110172,-0.00109379845375413,-0.00399342357260679,-0.00440673207412991,0.00285201021038992,0.00285441233395722,0.00349573324935857,0.00404218891876505,0.00480310971890988,0.00555672236994826,0.0143180138374825,0.0188382559043018,0.0206540329767598,0.0230151699860119,0.0245795425209631,0.0246387269246458,0.0247178188954586,0.0251058312283133,0.0252193491738917,0.0050973118800451,0.0050974924844602,0.00627389015553048,0.00627428887935283,0.346818942077917,0.15655752378872,4.91066706061974,3.3145185297326,0
1,0.999963339751838,0.999926680082153,0.999823516133593,0.998906749853902,0.988895668792606,0.978479127623495,0.975998008386142,0.974723951142892,0.96969107481603,0.968590423731357,0.96531602898672,0.962399885383149,0.959487186564624,0.956579839213051,0.956039604593076,0.955171716746643,0.95516341212767,0.954731672341961,0.954454606445007,0.954006232318655,0.953999979231196,0.953933053874811,0.953787382072091,0.953675692830768,0.9536296184339,0.953616703478973,0.999921275460473,0.999861661682909,0.999800718503294,0.9997899645992,0.999736195517782,0.999607175777217,0.999438962185097,0.999406701600225,0.99991185276824,0.999715395077531,0.999498268128439,0.999435591815843,0.999432206292711,0.998193412405535,0.997854098853096,0.997809270826953,0.997799284396066,0.997681079654259,0.997680578332346,0.99977078278614,0.998459069724174,0.994367005965845,0.993787023527063,0.975956994285034,0.975950666730047,0.971458022533402,0.967652958467891,0.962406125795533,0.957251951586896,0.93072970911792,0.917681427996428,0.912635215490765,0.906636444059637,0.897806140444196,0.897495752093107,0.897086569556981,0.895081222118002,0.89453254213433,0.968552949247699,0.968552513054736,0.9649192091072,0.964917940731961,0,-2.40511293011944e-05,-4.8104022158575e-05,-0.000114494313054104,-0.000363803412232689,0.000935075895062925,0.00231415903380891,0.00264456427914324,0.00281458508507953,0.00430058657795386,0.00462773692270241,0.00558292720127083,0.00638475965446254,0.00719056063325789,0.00800103555126825,0.00815209668249073,0.00839378497445641,0.0083961685499961,0.00853528224428808,0.00862547368958452,0.00877036697064582,0.00877240994334821,0.00879417865142876,0.0088415678643293,0.00887792054485481,0.00889291952309002,0.00889712773970725,-5.11476001677452e-05,-8.33418250368647e-05,-5.26879651965137e-05,-4.72773951142209e-05,-2.02227987083176e-05,4.39599559763979e-05,0.000128622975388243,0.000144861826002213,-6.24985837307208e-05,-0.000259111414272083,-0.000373626730630114,-0.0004066823789982,-0.00040855550384718,-0.00113586060397619,-0.00123030220112972,-0.00124272575141736,-0.0012459265428146,-0.00128381391332177,-0.00128398973646622,-0.000147785549717249,-0.000971287403604165,-0.00355514477808054,-0.00392323241940271,0.00265049141630554,0.00265258719336385,0.00325340388771028,0.00376748123252359,0.00448213467930826,0.00518984660903812,0.013353688952475,0.0175519056536035,0.0192356830764736,0.0214402192838113,0.0228998540550607,0.0229516223316685,0.0230198113198073,0.0233541909298573,0.0234453124627961,0.00464101750318803,0.00464117477707073,0.00571054384429797,0.00571093915500798,0.298388652342467,0.134067070911577,4.47544156533695,3.03172403521603,0
1,0.999971137876881,0.999942276107184,0.999861177115448,0.999133101410863,0.991193082587456,0.982931222568933,0.980965468548047,0.979953936919471,0.976133918360502,0.975302808252732,0.972779006092032,0.970553892256272,0.968332245440301,0.966115519794379,0.965703601303098,0.965054968183006,0.965049016995143,0.964734518700998,0.964532689777765,0.964206165026342,0.964201037959425,0.964146010455705,0.964026235647835,0.963938732475078,0.963902635326535,0.963892517069712,0.999937853252452,0.999888570634051,0.999840315875182,0.999831800926831,0.999789226460368,0.999687067872169,0.999553876516095,0.999528332649218,0.999930405694411,0.99977296815307,0.999601030915101,0.999551398797892,0.999548717882098,0.998567642933167,0.99827933506116,0.998241245503286,0.998232735088359,0.998132001163525,0.998131573937286,0.999821401162977,0.998831927952222,0.995719798595748,0.995278650559634,0.980930795281952,0.980925809936859,0.977322849288225,0.974257297128637,0.970033394950707,0.965883260006333,0.944534284843787,0.934027422788498,0.92996335903018,0.925092301810097,0.917920874377379,0.917690339285029,0.917391237719671,0.915925369422583,0.915556463534131,0.975273336900679,0.975272993861872,0.972443302366616,0.9724422293367,0,-1.87992475052694e-05,-3.75995802390351e-05,-8.95319574968599e-05,-0.000284883929749085,0.000770391197604322,0.00188604182555744,0.00215235758233109,0.00228976354708831,0.00341133864411073,0.00365660363156031,0.00438824557978151,0.00499453067591076,0.00560266495208302,0.0062131602148086,0.00632684750216565,0.00650481795533356,0.00650651674178006,0.00660686497740041,0.00667190989999772,0.00677636069639846,0.00677801830511427,0.00679572852608805,0.00683428104603745,0.00686245955888337,0.0068740854740115,0.00687734727543633,-4.0099940665426e-05,-6.6899014478864e-05,-4.26259966403978e-05,-3.83417432956936e-05,-1.69193819399685e-05,3.38998797427499e-05,0.000100931040323106,0.000113787462633364,-4.86084338147268e-05,-0.000198639237668664,-0.000283601909885627,-0.000308125117106751,-0.00030951057865764,-0.00084565106620845,-0.00092589590129823,-0.000936451308781527,-0.000939177889034403,-0.000971451466706851,-0.000971601235396995,-0.000114686455248559,-0.000736712323901627,-0.00270164982743944,-0.00298125321386494,0.00215733907756501,0.0021589819230705,0.0026516734861578,0.0030750968692103,0.00366237353092176,0.00424296660193227,0.0108025780635113,0.0141466809434437,0.015482358992148,0.0172411898764789,0.0184032888956234,0.018440941882311,0.0184897293610451,0.0187287859804073,0.0187886575789716,0.00366697610659549,0.00366709894049128,0.00449537945479547,0.00449571129524461,0.191101358009874,0.0853980070921878,3.50800571740547,2.39326630187861,0
